period,sku,product_name,category,commodity,vendor,currency,units,material_cost,freight_cost,fx_impact,vendor_cost,tariff_cost,unit_cost,extended_cost
2023-Q1,SKU-1001,Brakes 631,Brakes,Steel,Ironclad Auto,USD,3454,18.5704,6.5903,0.0,8.8956,2.5542,36.6105,126452.67
2023-Q2,SKU-1001,Brakes 631,Brakes,Steel,Ironclad Auto,USD,3454,18.069,6.9788,0.0,8.6704,2.5289,36.2471,125197.48
2023-Q3,SKU-1001,Brakes 631,Brakes,Steel,Ironclad Auto,USD,3454,19.1988,6.8563,0.0,8.8274,2.6162,37.4987,129520.51
2023-Q4,SKU-1001,Brakes 631,Brakes,Steel,Ironclad Auto,USD,3454,20.5816,7.0003,0.0,9.0738,2.7492,39.4049,136104.52
2024-Q1,SKU-1001,Brakes 631,Brakes,Steel,Ironclad Auto,USD,3454,19.0884,7.4096,0.0,8.7149,2.641,37.8539,130747.37
2024-Q2,SKU-1001,Brakes 631,Brakes,Steel,Ironclad Auto,USD,3454,18.3228,7.8224,0.0,8.7743,2.619,37.5385,129657.98
2024-Q3,SKU-1001,Brakes 631,Brakes,Steel,Ironclad Auto,USD,3454,18.898,8.3953,0.0,8.9507,2.7183,38.9623,134575.78
2024-Q4,SKU-1001,Brakes 631,Brakes,Steel,Ironclad Auto,USD,3454,19.0716,8.497,0.0,8.8925,2.7346,39.1957,135381.95
2025-Q1,SKU-1001,Brakes 631,Brakes,Steel,Ironclad Auto,USD,3454,19.5324,8.3792,0.0,9.0226,2.7701,39.7043,137138.65
2025-Q2,SKU-1001,Brakes 631,Brakes,Steel,Ironclad Auto,USD,3454,19.1876,8.4934,0.0,9.0358,2.7538,39.4706,136331.45
2025-Q3,SKU-1001,Brakes 631,Brakes,Steel,Ironclad Auto,USD,3454,20.5109,7.5168,0.0,9.3083,2.8002,40.1362,138630.43
2025-Q4,SKU-1001,Brakes 631,Brakes,Steel,Ironclad Auto,USD,3454,21.8214,6.7969,0.0,9.4341,2.8539,40.9063,141290.36
2023-Q1,SKU-1002,Brakes 158,Brakes,Steel,Ironclad Auto,USD,2113,22.8991,8.879,0.0,10.1331,0.0,41.9112,88558.37
2023-Q2,SKU-1002,Brakes 158,Brakes,Steel,Ironclad Auto,USD,2113,22.2808,9.4025,0.0,10.034,0.0,41.7173,88148.65
2023-Q3,SKU-1002,Brakes 158,Brakes,Steel,Ironclad Auto,USD,2113,23.6739,9.2375,0.0,10.0494,0.0,42.9608,90776.17
2023-Q4,SKU-1002,Brakes 158,Brakes,Steel,Ironclad Auto,USD,2113,25.3791,9.4314,0.0,10.3715,0.0,45.182,95469.57
2024-Q1,SKU-1002,Brakes 158,Brakes,Steel,Ironclad Auto,USD,2113,23.5378,9.9828,0.0,9.9613,0.0,43.4819,91877.25
2024-Q2,SKU-1002,Brakes 158,Brakes,Steel,Ironclad Auto,USD,2113,22.5937,10.5391,0.0,9.9223,0.0,43.0551,90975.43
2024-Q3,SKU-1002,Brakes 158,Brakes,Steel,Ironclad Auto,USD,2113,23.303,11.3109,0.0,10.0325,0.0,44.6464,94337.84
2024-Q4,SKU-1002,Brakes 158,Brakes,Steel,Ironclad Auto,USD,2113,23.5171,11.448,0.0,10.186,0.0,45.1511,95404.27
2025-Q1,SKU-1002,Brakes 158,Brakes,Steel,Ironclad Auto,USD,2113,24.0852,11.2892,0.0,10.377,0.0,45.7514,96672.71
2025-Q2,SKU-1002,Brakes 158,Brakes,Steel,Ironclad Auto,USD,2113,23.6601,11.443,0.0,9.9925,0.0,45.0956,95287.0
2025-Q3,SKU-1002,Brakes 158,Brakes,Steel,Ironclad Auto,USD,2113,25.2919,10.1272,0.0,10.4549,0.0,45.874,96931.76
2025-Q4,SKU-1002,Brakes 158,Brakes,Steel,Ironclad Auto,USD,2113,26.9078,9.1574,0.0,10.5938,0.0,46.659,98590.47
2023-Q1,SKU-1003,Brakes 613,Brakes,Steel,Ironclad Auto,USD,16248,21.4552,6.7518,0.0,13.4109,1.0404,42.6583,693112.06
2023-Q2,SKU-1003,Brakes 613,Brakes,Steel,Ironclad Auto,USD,16248,20.876,7.1499,0.0,13.3661,1.0348,42.4268,689350.65
2023-Q3,SKU-1003,Brakes 613,Brakes,Steel,Ironclad Auto,USD,16248,22.1812,7.0244,0.0,13.2838,1.0622,43.5516,707626.4
2023-Q4,SKU-1003,Brakes 613,Brakes,Steel,Ironclad Auto,USD,16248,23.7788,7.1719,0.0,14.0497,1.125,46.1254,749445.5
2024-Q1,SKU-1003,Brakes 613,Brakes,Steel,Ironclad Auto,USD,16248,22.0536,7.5912,0.0,13.4157,1.0765,44.137,717137.98
2024-Q2,SKU-1003,Brakes 613,Brakes,Steel,Ironclad Auto,USD,16248,21.1691,8.0142,0.0,13.2941,1.0619,43.5393,707426.55
2024-Q3,SKU-1003,Brakes 613,Brakes,Steel,Ironclad Auto,USD,16248,21.8336,8.6011,0.0,13.299,1.0933,44.827,728349.1
2024-Q4,SKU-1003,Brakes 613,Brakes,Steel,Ironclad Auto,USD,16248,22.0342,8.7053,0.0,13.4043,1.1036,45.2474,735179.76
2025-Q1,SKU-1003,Brakes 613,Brakes,Steel,Ironclad Auto,USD,16248,22.5666,8.5846,0.0,13.6812,1.1208,45.9532,746647.59
2025-Q2,SKU-1003,Brakes 613,Brakes,Steel,Ironclad Auto,USD,16248,22.1682,8.7016,0.0,13.4997,1.1092,45.4787,738937.92
2025-Q3,SKU-1003,Brakes 613,Brakes,Steel,Ironclad Auto,USD,16248,23.6972,7.701,0.0,13.9493,1.1337,46.4812,755226.54
2025-Q4,SKU-1003,Brakes 613,Brakes,Steel,Ironclad Auto,USD,16248,25.2112,6.9635,0.0,14.3305,1.1626,47.6678,774506.41
2023-Q1,SKU-1004,Radiators 494,Radiators,Aluminum,Ironclad Auto,USD,7591,44.7766,8.3137,0.0,18.3091,5.355,76.7544,582642.65
2023-Q2,SKU-1004,Radiators 494,Radiators,Aluminum,Ironclad Auto,USD,7591,45.012,8.8039,0.0,18.0465,5.3897,77.2521,586420.69
2023-Q3,SKU-1004,Radiators 494,Radiators,Aluminum,Ironclad Auto,USD,7591,46.3685,8.6493,0.0,18.0605,5.4809,78.5592,596342.89
2023-Q4,SKU-1004,Radiators 494,Radiators,Aluminum,Ironclad Auto,USD,7591,48.7477,8.831,0.0,18.9043,5.7362,82.2192,624125.95
2024-Q1,SKU-1004,Radiators 494,Radiators,Aluminum,Ironclad Auto,USD,7591,51.5537,9.3472,0.0,19.1045,6.0004,86.0058,652870.03
2024-Q2,SKU-1004,Radiators 494,Radiators,Aluminum,Ironclad Auto,USD,7591,54.7329,9.8681,0.0,19.879,6.336,90.816,689384.26
2024-Q3,SKU-1004,Radiators 494,Radiators,Aluminum,Ironclad Auto,USD,7591,54.9827,10.5907,0.0,19.7872,6.402,91.7626,696569.9
2024-Q4,SKU-1004,Radiators 494,Radiators,Aluminum,Ironclad Auto,USD,7591,54.9212,10.7191,0.0,19.6843,6.3994,91.724,696276.88
2025-Q1,SKU-1004,Radiators 494,Radiators,Aluminum,Ironclad Auto,USD,7591,58.4856,10.5705,0.0,20.3464,6.7052,96.1077,729553.55
2025-Q2,SKU-1004,Radiators 494,Radiators,Aluminum,Ironclad Auto,USD,7591,59.2128,10.7145,0.0,20.7534,6.801,97.4817,739983.58
2025-Q3,SKU-1004,Radiators 494,Radiators,Aluminum,Ironclad Auto,USD,7591,56.7387,9.4825,0.0,20.3767,6.4948,93.0927,706666.69
2025-Q4,SKU-1004,Radiators 494,Radiators,Aluminum,Ironclad Auto,USD,7591,54.7718,8.5743,0.0,19.6965,6.2282,89.2708,677654.64
2023-Q1,SKU-1005,Radiators 371,Radiators,Aluminum,Ironclad Auto,USD,11303,43.3788,9.927,0.0,20.9495,0.0,74.2553,839307.66
2023-Q2,SKU-1005,Radiators 371,Radiators,Aluminum,Ironclad Auto,USD,11303,43.6068,10.5123,0.0,21.1851,0.0,75.3042,851163.37
2023-Q3,SKU-1005,Radiators 371,Radiators,Aluminum,Ironclad Auto,USD,11303,44.921,10.3278,0.0,21.0366,0.0,76.2854,862253.88
2023-Q4,SKU-1005,Radiators 371,Radiators,Aluminum,Ironclad Auto,USD,11303,47.226,10.5447,0.0,21.7277,0.0,79.4984,898570.42
2024-Q1,SKU-1005,Radiators 371,Radiators,Aluminum,Ironclad Auto,USD,11303,49.9444,11.1611,0.0,22.1769,0.0,83.2824,941340.97
2024-Q2,SKU-1005,Radiators 371,Radiators,Aluminum,Ironclad Auto,USD,11303,53.0243,11.783,0.0,22.842,0.0,87.6493,990700.04
2024-Q3,SKU-1005,Radiators 371,Radiators,Aluminum,Ironclad Auto,USD,11303,53.2663,12.6459,0.0,22.6487,0.0,88.5609,1001003.85
2024-Q4,SKU-1005,Radiators 371,Radiators,Aluminum,Ironclad Auto,USD,11303,53.2068,12.7992,0.0,22.479,0.0,88.485,1000145.96
2025-Q1,SKU-1005,Radiators 371,Radiators,Aluminum,Ironclad Auto,USD,11303,56.6598,12.6218,0.0,23.0439,0.0,92.3255,1043555.13
2025-Q2,SKU-1005,Radiators 371,Radiators,Aluminum,Ironclad Auto,USD,11303,57.3644,12.7937,0.0,23.3797,0.0,93.5378,1057257.75
2025-Q3,SKU-1005,Radiators 371,Radiators,Aluminum,Ironclad Auto,USD,11303,54.9674,11.3226,0.0,23.0552,0.0,89.3452,1009868.8
2025-Q4,SKU-1005,Radiators 371,Radiators,Aluminum,Ironclad Auto,USD,11303,53.062,10.2382,0.0,22.7223,0.0,86.0225,972312.32
2023-Q1,SKU-1006,Radiators 692,Radiators,Aluminum,Ironclad Auto,USD,18805,45.264,20.1504,0.0,31.1681,7.2437,103.8262,1952451.69
2023-Q2,SKU-1006,Radiators 692,Radiators,Aluminum,Ironclad Auto,USD,18805,45.5019,21.3384,0.0,30.9782,7.3364,105.1549,1977437.89
2023-Q3,SKU-1006,Radiators 692,Radiators,Aluminum,Ironclad Auto,USD,18805,46.8732,20.9639,0.0,30.7164,7.3915,105.945,1992295.72
2023-Q4,SKU-1006,Radiators 692,Radiators,Aluminum,Ironclad Auto,USD,18805,49.2783,21.4041,0.0,31.7668,7.6837,110.1329,2071049.18
2024-Q1,SKU-1006,Radiators 692,Radiators,Aluminum,Ironclad Auto,USD,18805,52.1149,22.6554,0.0,32.3024,8.0305,115.1032,2164515.68
2024-Q2,SKU-1006,Radiators 692,Radiators,Aluminum,Ironclad Auto,USD,18805,55.3287,23.9178,0.0,33.2083,8.4341,120.8889,2273315.76
2024-Q3,SKU-1006,Radiators 692,Radiators,Aluminum,Ironclad Auto,USD,18805,55.5812,25.6693,0.0,33.4202,8.6003,123.271,2318111.15
2024-Q4,SKU-1006,Radiators 692,Radiators,Aluminum,Ironclad Auto,USD,18805,55.519,25.9805,0.0,33.536,8.6277,123.6632,2325486.48
2025-Q1,SKU-1006,Radiators 692,Radiators,Aluminum,Ironclad Auto,USD,18805,59.1222,25.6203,0.0,34.2165,8.9219,127.8809,2404800.32
2025-Q2,SKU-1006,Radiators 692,Radiators,Aluminum,Ironclad Auto,USD,18805,59.8573,25.9693,0.0,34.8442,9.0503,129.7211,2439405.29
2025-Q3,SKU-1006,Radiators 692,Radiators,Aluminum,Ironclad Auto,USD,18805,57.3562,22.9832,0.0,33.494,8.5375,122.3709,2301184.77
2025-Q4,SKU-1006,Radiators 692,Radiators,Aluminum,Ironclad Auto,USD,18805,55.368,20.7821,0.0,33.3078,8.2093,117.6672,2212731.7
2023-Q1,SKU-1007,Radiators 976,Radiators,Aluminum,Ironclad Auto,USD,4989,40.2311,10.3639,0.0,21.6707,1.8066,74.0723,369546.7
2023-Q2,SKU-1007,Radiators 976,Radiators,Aluminum,Ironclad Auto,USD,4989,40.4425,10.9749,0.0,21.2135,1.8158,74.4467,371414.59
2023-Q3,SKU-1007,Radiators 976,Radiators,Aluminum,Ironclad Auto,USD,4989,41.6614,10.7823,0.0,21.7251,1.8542,76.023,379278.75
2023-Q4,SKU-1007,Radiators 976,Radiators,Aluminum,Ironclad Auto,USD,4989,43.7991,11.0087,0.0,21.8906,1.9175,78.6159,392214.73
2024-Q1,SKU-1007,Radiators 976,Radiators,Aluminum,Ironclad Auto,USD,4989,46.3202,11.6522,0.0,22.5234,2.0124,82.5082,411633.41
2024-Q2,SKU-1007,Radiators 976,Radiators,Aluminum,Ironclad Auto,USD,4989,49.1766,12.3015,0.0,22.9886,2.1117,86.5784,431939.64
2024-Q3,SKU-1007,Radiators 976,Radiators,Aluminum,Ironclad Auto,USD,4989,49.4011,13.2024,0.0,23.0117,2.1404,87.7556,437812.69
2024-Q4,SKU-1007,Radiators 976,Radiators,Aluminum,Ironclad Auto,USD,4989,49.3459,13.3624,0.0,22.8715,2.1395,87.7193,437631.59
2025-Q1,SKU-1007,Radiators 976,Radiators,Aluminum,Ironclad Auto,USD,4989,52.5483,13.1772,0.0,23.7996,2.2381,91.7632,457806.6
2025-Q2,SKU-1007,Radiators 976,Radiators,Aluminum,Ironclad Auto,USD,4989,53.2018,13.3567,0.0,23.6661,2.2556,92.4802,461383.72
2025-Q3,SKU-1007,Radiators 976,Radiators,Aluminum,Ironclad Auto,USD,4989,50.9788,11.8208,0.0,23.5197,2.158,88.4773,441413.25
2025-Q4,SKU-1007,Radiators 976,Radiators,Aluminum,Ironclad Auto,USD,4989,49.2116,10.6888,0.0,23.2372,2.0784,85.216,425142.62
2023-Q1,SKU-1008,Spark Plugs 513,Spark Plugs,Copper,Ironclad Auto,USD,16260,3.5624,0.7503,0.0,1.2531,0.2783,5.8441,95025.07
2023-Q2,SKU-1008,Spark Plugs 513,Spark Plugs,Copper,Ironclad Auto,USD,16260,3.7684,0.7945,0.0,1.2738,0.2918,6.1285,99649.41
2023-Q3,SKU-1008,Spark Plugs 513,Spark Plugs,Copper,Ironclad Auto,USD,16260,3.9061,0.7805,0.0,1.3024,0.2995,6.2885,102251.01
2023-Q4,SKU-1008,Spark Plugs 513,Spark Plugs,Copper,Ironclad Auto,USD,16260,4.1773,0.7969,0.0,1.3309,0.3153,6.6204,107647.7
2024-Q1,SKU-1008,Spark Plugs 513,Spark Plugs,Copper,Ironclad Auto,USD,16260,4.1872,0.8435,0.0,1.3478,0.3189,6.6974,108899.72
2024-Q2,SKU-1008,Spark Plugs 513,Spark Plugs,Copper,Ironclad Auto,USD,16260,4.3442,0.8905,0.0,1.3353,0.3285,6.8985,112169.61
2024-Q3,SKU-1008,Spark Plugs 513,Spark Plugs,Copper,Ironclad Auto,USD,16260,4.6289,0.9557,0.0,1.3939,0.3489,7.3274,119143.52
2024-Q4,SKU-1008,Spark Plugs 513,Spark Plugs,Copper,Ironclad Auto,USD,16260,4.6726,0.9673,0.0,1.3793,0.351,7.3702,119839.45
2025-Q1,SKU-1008,Spark Plugs 513,Spark Plugs,Copper,Ironclad Auto,USD,16260,4.9315,0.9539,0.0,1.4218,0.3654,7.6726,124756.48
2025-Q2,SKU-1008,Spark Plugs 513,Spark Plugs,Copper,Ironclad Auto,USD,16260,4.8737,0.9669,0.0,1.4494,0.3645,7.6545,124462.17
2025-Q3,SKU-1008,Spark Plugs 513,Spark Plugs,Copper,Ironclad Auto,USD,16260,4.904,0.8557,0.0,1.4478,0.3604,7.5679,123054.05
2025-Q4,SKU-1008,Spark Plugs 513,Spark Plugs,Copper,Ironclad Auto,USD,16260,4.929,0.7738,0.0,1.4311,0.3567,7.4906,121797.16
2023-Q1,SKU-1009,Spark Plugs 563,Spark Plugs,Copper,Ironclad Auto,USD,19831,2.6147,0.5706,0.0,2.1955,0.4036,5.7844,114710.44
2023-Q2,SKU-1009,Spark Plugs 563,Spark Plugs,Copper,Ironclad Auto,USD,19831,2.7659,0.6043,0.0,2.2145,0.4188,6.0035,119055.41
2023-Q3,SKU-1009,Spark Plugs 563,Spark Plugs,Copper,Ironclad Auto,USD,19831,2.867,0.5936,0.0,2.3029,0.4323,6.1958,122868.91
2023-Q4,SKU-1009,Spark Plugs 563,Spark Plugs,Copper,Ironclad Auto,USD,19831,3.066,0.6061,0.0,2.4369,0.4582,6.5672,130234.14
2024-Q1,SKU-1009,Spark Plugs 563,Spark Plugs,Copper,Ironclad Auto,USD,19831,3.0733,0.6415,0.0,2.3951,0.4582,6.5681,130251.99
2024-Q2,SKU-1009,Spark Plugs 563,Spark Plugs,Copper,Ironclad Auto,USD,19831,3.1886,0.6773,0.0,2.4122,0.4709,6.749,133839.42
2024-Q3,SKU-1009,Spark Plugs 563,Spark Plugs,Copper,Ironclad Auto,USD,19831,3.3975,0.7269,0.0,2.5063,0.4973,7.128,141355.37
2024-Q4,SKU-1009,Spark Plugs 563,Spark Plugs,Copper,Ironclad Auto,USD,19831,3.4296,0.7357,0.0,2.4721,0.4978,7.1352,141498.15
2025-Q1,SKU-1009,Spark Plugs 563,Spark Plugs,Copper,Ironclad Auto,USD,19831,3.6196,0.7255,0.0,2.5651,0.5183,7.4285,147314.58
2025-Q2,SKU-1009,Spark Plugs 563,Spark Plugs,Copper,Ironclad Auto,USD,19831,3.5772,0.7354,0.0,2.5595,0.5154,7.3875,146501.51
2025-Q3,SKU-1009,Spark Plugs 563,Spark Plugs,Copper,Ironclad Auto,USD,19831,3.5995,0.6508,0.0,2.5629,0.511,7.3242,145246.21
2025-Q4,SKU-1009,Spark Plugs 563,Spark Plugs,Copper,Ironclad Auto,USD,19831,3.6178,0.5885,0.0,2.5887,0.5096,7.3046,144857.52
2023-Q1,SKU-1010,Spark Plugs 368,Spark Plugs,Copper,Ironclad Auto,USD,8984,4.5125,1.3633,0.0,1.3104,0.539,7.7252,69403.2
2023-Q2,SKU-1010,Spark Plugs 368,Spark Plugs,Copper,Ironclad Auto,USD,8984,4.7735,1.4437,0.0,1.3448,0.5671,8.1291,73031.83
2023-Q3,SKU-1010,Spark Plugs 368,Spark Plugs,Copper,Ironclad Auto,USD,8984,4.9479,1.4184,0.0,1.3473,0.5785,8.2921,74496.23
2023-Q4,SKU-1010,Spark Plugs 368,Spark Plugs,Copper,Ironclad Auto,USD,8984,5.2915,1.4481,0.0,1.4077,0.6111,8.7584,78685.47
2024-Q1,SKU-1010,Spark Plugs 368,Spark Plugs,Copper,Ironclad Auto,USD,8984,5.304,1.5328,0.0,1.4187,0.6192,8.8747,79730.3
2024-Q2,SKU-1010,Spark Plugs 368,Spark Plugs,Copper,Ironclad Auto,USD,8984,5.5029,1.6182,0.0,1.4078,0.6397,9.1686,82370.7
2024-Q3,SKU-1010,Spark Plugs 368,Spark Plugs,Copper,Ironclad Auto,USD,8984,5.8636,1.7367,0.0,1.4507,0.6788,9.7298,87412.52
2024-Q4,SKU-1010,Spark Plugs 368,Spark Plugs,Copper,Ironclad Auto,USD,8984,5.9189,1.7578,0.0,1.4861,0.6872,9.85,88492.4
2025-Q1,SKU-1010,Spark Plugs 368,Spark Plugs,Copper,Ironclad Auto,USD,8984,6.2469,1.7334,0.0,1.5041,0.7113,10.1957,91598.17
2025-Q2,SKU-1010,Spark Plugs 368,Spark Plugs,Copper,Ironclad Auto,USD,8984,6.1737,1.757,0.0,1.5165,0.7085,10.1557,91238.81
2025-Q3,SKU-1010,Spark Plugs 368,Spark Plugs,Copper,Ironclad Auto,USD,8984,6.2121,1.555,0.0,1.4968,0.6948,9.9587,89468.96
2025-Q4,SKU-1010,Spark Plugs 368,Spark Plugs,Copper,Ironclad Auto,USD,8984,6.2437,1.4061,0.0,1.5253,0.6881,9.8632,88610.99
2023-Q1,SKU-1011,Spark Plugs 900,Spark Plugs,Copper,Ironclad Auto,USD,2761,3.5637,1.3378,0.0,2.0455,0.3473,7.2943,20139.56
2023-Q2,SKU-1011,Spark Plugs 900,Spark Plugs,Copper,Ironclad Auto,USD,2761,3.7698,1.4166,0.0,2.0953,0.3641,7.6458,21110.05
2023-Q3,SKU-1011,Spark Plugs 900,Spark Plugs,Copper,Ironclad Auto,USD,2761,3.9076,1.3918,0.0,2.1536,0.3726,7.8256,21606.48
2023-Q4,SKU-1011,Spark Plugs 900,Spark Plugs,Copper,Ironclad Auto,USD,2761,4.1789,1.421,0.0,2.1765,0.3888,8.1652,22544.12
2024-Q1,SKU-1011,Spark Plugs 900,Spark Plugs,Copper,Ironclad Auto,USD,2761,4.1887,1.5041,0.0,2.1669,0.393,8.2527,22785.7
2024-Q2,SKU-1011,Spark Plugs 900,Spark Plugs,Copper,Ironclad Auto,USD,2761,4.3459,1.5879,0.0,2.213,0.4073,8.5541,23617.87
2024-Q3,SKU-1011,Spark Plugs 900,Spark Plugs,Copper,Ironclad Auto,USD,2761,4.6307,1.7041,0.0,2.2967,0.4316,9.0631,25023.22
2024-Q4,SKU-1011,Spark Plugs 900,Spark Plugs,Copper,Ironclad Auto,USD,2761,4.6744,1.7248,0.0,2.2655,0.4332,9.0979,25119.3
2025-Q1,SKU-1011,Spark Plugs 900,Spark Plugs,Copper,Ironclad Auto,USD,2761,4.9334,1.7009,0.0,2.3699,0.4502,9.4544,26103.6
2025-Q2,SKU-1011,Spark Plugs 900,Spark Plugs,Copper,Ironclad Auto,USD,2761,4.8756,1.7241,0.0,2.3326,0.4466,9.3789,25895.14
2025-Q3,SKU-1011,Spark Plugs 900,Spark Plugs,Copper,Ironclad Auto,USD,2761,4.9059,1.5258,0.0,2.374,0.4403,9.246,25528.21
2025-Q4,SKU-1011,Spark Plugs 900,Spark Plugs,Copper,Ironclad Auto,USD,2761,4.9309,1.3797,0.0,2.3074,0.4309,9.0489,24984.01
2023-Q1,SKU-1012,Filters 694,Filters,Paper,Zhongli Parts,CNY,17782,5.4061,1.1861,0.0,2.4086,0.0,9.0008,160052.23
2023-Q2,SKU-1012,Filters 694,Filters,Paper,Zhongli Parts,CNY,17782,5.4031,1.256,-0.2429,2.3869,0.0,8.8031,156536.72
2023-Q3,SKU-1012,Filters 694,Filters,Paper,Zhongli Parts,CNY,17782,5.5434,1.234,-0.0721,2.4323,0.0,9.1376,162484.8
2023-Q4,SKU-1012,Filters 694,Filters,Paper,Zhongli Parts,CNY,17782,5.6596,1.2599,0.0712,2.4792,0.0,9.4699,168393.76
2024-Q1,SKU-1012,Filters 694,Filters,Paper,Zhongli Parts,CNY,17782,5.7863,1.3335,0.0486,2.4916,0.0,9.66,171774.12
2024-Q2,SKU-1012,Filters 694,Filters,Paper,Zhongli Parts,CNY,17782,5.9189,1.4078,-0.1554,2.5136,0.0,9.6849,172216.89
2024-Q3,SKU-1012,Filters 694,Filters,Paper,Zhongli Parts,CNY,17782,6.3584,1.5109,-0.0437,2.5949,0.0,10.4205,185297.33
2024-Q4,SKU-1012,Filters 694,Filters,Paper,Zhongli Parts,CNY,17782,6.3445,1.5292,-0.0546,2.6012,0.0,10.4203,185293.77
2025-Q1,SKU-1012,Filters 694,Filters,Paper,Zhongli Parts,CNY,17782,6.3104,1.508,0.103,2.5656,0.0,10.487,186479.83
2025-Q2,SKU-1012,Filters 694,Filters,Paper,Zhongli Parts,CNY,17782,6.2195,1.5286,0.214,2.5909,0.0,10.553,187653.45
2025-Q3,SKU-1012,Filters 694,Filters,Paper,Zhongli Parts,CNY,17782,6.3966,1.3528,0.6998,2.6217,0.0,11.0709,196862.74
2025-Q4,SKU-1012,Filters 694,Filters,Paper,Zhongli Parts,CNY,17782,6.6772,1.2233,0.7856,2.6653,0.0,11.3514,201850.59
2023-Q1,SKU-1013,Filters 104,Filters,Paper,Zhongli Parts,CNY,18767,4.0411,1.7009,0.0,2.7891,0.6398,9.1709,172110.28
2023-Q2,SKU-1013,Filters 104,Filters,Paper,Zhongli Parts,CNY,18767,4.0389,1.8011,-0.2127,2.7821,0.6307,9.0401,169655.56
2023-Q3,SKU-1013,Filters 104,Filters,Paper,Zhongli Parts,CNY,18767,4.1437,1.7695,-0.0633,2.8583,0.6531,9.3613,175683.52
2023-Q4,SKU-1013,Filters 104,Filters,Paper,Zhongli Parts,CNY,18767,4.2306,1.8067,0.0617,2.8233,0.6692,9.5915,180003.68
2024-Q1,SKU-1013,Filters 104,Filters,Paper,Zhongli Parts,CNY,18767,4.3253,1.9123,0.0421,2.8432,0.6842,9.8071,184049.85
2024-Q2,SKU-1013,Filters 104,Filters,Paper,Zhongli Parts,CNY,18767,4.4245,2.0189,-0.1342,2.858,0.6875,9.8547,184943.15
2024-Q3,SKU-1013,Filters 104,Filters,Paper,Zhongli Parts,CNY,18767,4.753,2.1667,-0.0375,2.9405,0.7367,10.5594,198168.26
2024-Q4,SKU-1013,Filters 104,Filters,Paper,Zhongli Parts,CNY,18767,4.7425,2.193,-0.0469,2.9317,0.7365,10.5568,198119.47
2025-Q1,SKU-1013,Filters 104,Filters,Paper,Zhongli Parts,CNY,18767,4.7171,2.1626,0.0888,2.9346,0.7427,10.6458,199789.73
2025-Q2,SKU-1013,Filters 104,Filters,Paper,Zhongli Parts,CNY,18767,4.6491,2.192,0.1843,2.9386,0.7473,10.7113,201018.97
2025-Q3,SKU-1013,Filters 104,Filters,Paper,Zhongli Parts,CNY,18767,4.7815,1.94,0.6028,2.9862,0.7733,11.0838,208009.67
2025-Q4,SKU-1013,Filters 104,Filters,Paper,Zhongli Parts,CNY,18767,4.9913,1.7542,0.675,3.036,0.7842,11.2407,210954.22
2023-Q1,SKU-1014,Filters 237,Filters,Paper,Zhongli Parts,CNY,7660,5.175,1.0233,0.0,2.0669,0.4133,8.6785,66477.31
2023-Q2,SKU-1014,Filters 237,Filters,Paper,Zhongli Parts,CNY,7660,5.1721,1.0837,-0.2268,2.1017,0.4065,8.5372,65394.95
2023-Q3,SKU-1014,Filters 237,Filters,Paper,Zhongli Parts,CNY,7660,5.3064,1.0646,-0.0671,2.1194,0.4212,8.8445,67748.87
2023-Q4,SKU-1014,Filters 237,Filters,Paper,Zhongli Parts,CNY,7660,5.4177,1.087,0.0659,2.1186,0.4345,9.1237,69887.54
2024-Q1,SKU-1014,Filters 237,Filters,Paper,Zhongli Parts,CNY,7660,5.5389,1.1505,0.045,2.1278,0.4431,9.3053,71278.6
2024-Q2,SKU-1014,Filters 237,Filters,Paper,Zhongli Parts,CNY,7660,5.6659,1.2147,-0.1444,2.1733,0.4455,9.355,71659.3
2024-Q3,SKU-1014,Filters 237,Filters,Paper,Zhongli Parts,CNY,7660,6.0866,1.3036,-0.0406,2.2335,0.4792,10.0623,77077.22
2024-Q4,SKU-1014,Filters 237,Filters,Paper,Zhongli Parts,CNY,7660,6.0733,1.3194,-0.0505,2.1973,0.477,10.0165,76726.39
2025-Q1,SKU-1014,Filters 237,Filters,Paper,Zhongli Parts,CNY,7660,6.0407,1.3011,0.0958,2.2208,0.4829,10.1413,77682.36
2025-Q2,SKU-1014,Filters 237,Filters,Paper,Zhongli Parts,CNY,7660,5.9536,1.3188,0.1984,2.2137,0.4842,10.1687,77892.24
2025-Q3,SKU-1014,Filters 237,Filters,Paper,Zhongli Parts,CNY,7660,6.1231,1.1672,0.6472,2.2168,0.5077,10.662,81670.92
2025-Q4,SKU-1014,Filters 237,Filters,Paper,Zhongli Parts,CNY,7660,6.3918,1.0554,0.7294,2.2827,0.523,10.9823,84124.42
2023-Q1,SKU-1015,Wipers 378,Wipers,Rubber,Zhongli Parts,CNY,6748,7.3343,1.5634,0.0,4.3694,0.995,14.2621,96240.65
2023-Q2,SKU-1015,Wipers 378,Wipers,Rubber,Zhongli Parts,CNY,6748,7.4961,1.6555,-0.3751,4.5322,0.9982,14.3069,96542.96
2023-Q3,SKU-1015,Wipers 378,Wipers,Rubber,Zhongli Parts,CNY,6748,7.761,1.6265,-0.1116,4.5924,1.0401,14.9084,100601.88
2023-Q4,SKU-1015,Wipers 378,Wipers,Rubber,Zhongli Parts,CNY,6748,8.1947,1.6606,0.1122,4.6307,1.0949,15.6931,105897.04
2024-Q1,SKU-1015,Wipers 378,Wipers,Rubber,Zhongli Parts,CNY,6748,7.6258,1.7577,0.0713,4.5204,1.0481,15.0233,101377.23
2024-Q2,SKU-1015,Wipers 378,Wipers,Rubber,Zhongli Parts,CNY,6748,7.6168,1.8557,-0.2213,4.3953,1.0235,14.67,98993.16
2024-Q3,SKU-1015,Wipers 378,Wipers,Rubber,Zhongli Parts,CNY,6748,7.5389,1.9915,-0.0584,4.4321,1.0428,14.9469,100861.68
2024-Q4,SKU-1015,Wipers 378,Wipers,Rubber,Zhongli Parts,CNY,6748,7.3856,2.0157,-0.0722,4.4332,1.0322,14.7945,99833.29
2025-Q1,SKU-1015,Wipers 378,Wipers,Rubber,Zhongli Parts,CNY,6748,7.3966,1.9877,0.1369,4.4014,1.0442,14.9668,100995.97
2025-Q2,SKU-1015,Wipers 378,Wipers,Rubber,Zhongli Parts,CNY,6748,8.1932,2.0148,0.3125,4.6732,1.1395,16.3332,110216.43
2025-Q3,SKU-1015,Wipers 378,Wipers,Rubber,Zhongli Parts,CNY,6748,7.9151,1.7831,0.9761,4.6628,1.1503,16.4874,111256.98
2025-Q4,SKU-1015,Wipers 378,Wipers,Rubber,Zhongli Parts,CNY,6748,8.5174,1.6124,1.1087,4.6678,1.193,17.0993,115386.08
2023-Q1,SKU-1016,Wipers 940,Wipers,Rubber,Zhongli Parts,CNY,771,5.0982,1.9405,0.0,3.6329,0.8004,11.472,8844.91
2023-Q2,SKU-1016,Wipers 940,Wipers,Rubber,Zhongli Parts,CNY,771,5.2107,2.0549,-0.278,3.7045,0.8019,11.494,8861.87
2023-Q3,SKU-1016,Wipers 940,Wipers,Rubber,Zhongli Parts,CNY,771,5.3948,2.0189,-0.0831,3.8079,0.8354,11.9739,9231.88
2023-Q4,SKU-1016,Wipers 940,Wipers,Rubber,Zhongli Parts,CNY,771,5.6963,2.0613,0.083,3.7907,0.8723,12.5036,9640.28
2024-Q1,SKU-1016,Wipers 940,Wipers,Rubber,Zhongli Parts,CNY,771,5.3008,2.1818,0.053,3.7309,0.845,12.1115,9337.97
2024-Q2,SKU-1016,Wipers 940,Wipers,Rubber,Zhongli Parts,CNY,771,5.2945,2.3034,-0.1673,3.7867,0.8413,12.0586,9297.18
2024-Q3,SKU-1016,Wipers 940,Wipers,Rubber,Zhongli Parts,CNY,771,5.2404,2.472,-0.0433,3.644,0.8485,12.1616,9376.59
2024-Q4,SKU-1016,Wipers 940,Wipers,Rubber,Zhongli Parts,CNY,771,5.1339,2.502,-0.0535,3.6269,0.8407,12.05,9290.55
2025-Q1,SKU-1016,Wipers 940,Wipers,Rubber,Zhongli Parts,CNY,771,5.1415,2.4673,0.1021,3.6605,0.8529,12.2243,9424.94
2025-Q2,SKU-1016,Wipers 940,Wipers,Rubber,Zhongli Parts,CNY,771,5.6953,2.5009,0.231,3.8161,0.9183,13.1616,10147.59
2025-Q3,SKU-1016,Wipers 940,Wipers,Rubber,Zhongli Parts,CNY,771,5.5019,2.2133,0.7226,3.8094,0.9185,13.1657,10150.75
2025-Q4,SKU-1016,Wipers 940,Wipers,Rubber,Zhongli Parts,CNY,771,5.9206,2.0014,0.8265,3.9088,0.9493,13.6066,10490.69
2023-Q1,SKU-1017,Belts & Hoses 366,Belts & Hoses,Rubber,Zhongli Parts,CNY,10373,10.0687,2.2045,0.0,5.4112,1.3263,19.0107,197197.99
2023-Q2,SKU-1017,Belts & Hoses 366,Belts & Hoses,Rubber,Zhongli Parts,CNY,10373,10.2907,2.3345,-0.4951,5.586,1.3287,19.0448,197551.71
2023-Q3,SKU-1017,Belts & Hoses 366,Belts & Hoses,Rubber,Zhongli Parts,CNY,10373,10.6545,2.2935,-0.1469,5.6054,1.3805,19.787,205250.55
2023-Q4,SKU-1017,Belts & Hoses 366,Belts & Hoses,Rubber,Zhongli Parts,CNY,10373,11.2498,2.3417,0.1494,5.8377,1.4684,21.047,218320.53
2024-Q1,SKU-1017,Belts & Hoses 366,Belts & Hoses,Rubber,Zhongli Parts,CNY,10373,10.4687,2.4786,0.0941,5.562,1.3952,19.9986,207445.48
2024-Q2,SKU-1017,Belts & Hoses 366,Belts & Hoses,Rubber,Zhongli Parts,CNY,10373,10.4564,2.6167,-0.2951,5.5588,1.3753,19.7121,204473.61
2024-Q3,SKU-1017,Belts & Hoses 366,Belts & Hoses,Rubber,Zhongli Parts,CNY,10373,10.3495,2.8083,-0.0778,5.6002,1.401,20.0812,208302.29
2024-Q4,SKU-1017,Belts & Hoses 366,Belts & Hoses,Rubber,Zhongli Parts,CNY,10373,10.1391,2.8423,-0.0959,5.5664,1.3839,19.8358,205756.75
2025-Q1,SKU-1017,Belts & Hoses 366,Belts & Hoses,Rubber,Zhongli Parts,CNY,10373,10.1542,2.8029,0.1822,5.5524,1.4019,20.0936,208430.91
2025-Q2,SKU-1017,Belts & Hoses 366,Belts & Hoses,Rubber,Zhongli Parts,CNY,10373,11.2478,2.8411,0.4111,5.6742,1.5131,21.6873,224962.36
2025-Q3,SKU-1017,Belts & Hoses 366,Belts & Hoses,Rubber,Zhongli Parts,CNY,10373,10.8659,2.5144,1.2865,5.7131,1.5285,21.9084,227255.83
2025-Q4,SKU-1017,Belts & Hoses 366,Belts & Hoses,Rubber,Zhongli Parts,CNY,10373,11.6928,2.2736,1.4715,5.8074,1.5934,22.8387,236905.84
2023-Q1,SKU-1018,Belts & Hoses 822,Belts & Hoses,Rubber,Zhongli Parts,CNY,2145,8.5345,2.0583,0.0,7.3461,0.8969,18.8358,40402.79
2023-Q2,SKU-1018,Belts & Hoses 822,Belts & Hoses,Rubber,Zhongli Parts,CNY,2145,8.7227,2.1797,-0.4993,7.2892,0.8846,18.5769,39847.45
2023-Q3,SKU-1018,Belts & Hoses 822,Belts & Hoses,Rubber,Zhongli Parts,CNY,2145,9.0311,2.1414,-0.1497,7.5321,0.9277,19.4826,41790.18
2023-Q4,SKU-1018,Belts & Hoses 822,Belts & Hoses,Rubber,Zhongli Parts,CNY,2145,9.5357,2.1864,0.15,7.6136,0.9743,20.46,43886.7
2024-Q1,SKU-1018,Belts & Hoses 822,Belts & Hoses,Rubber,Zhongli Parts,CNY,2145,8.8736,2.3142,0.0952,7.3513,0.9317,19.566,41969.07
2024-Q2,SKU-1018,Belts & Hoses 822,Belts & Hoses,Rubber,Zhongli Parts,CNY,2145,8.8632,2.4431,-0.3014,7.4941,0.9249,19.4239,41664.27
2024-Q3,SKU-1018,Belts & Hoses 822,Belts & Hoses,Rubber,Zhongli Parts,CNY,2145,8.7726,2.6221,-0.079,7.4283,0.9372,19.6812,42216.17
2024-Q4,SKU-1018,Belts & Hoses 822,Belts & Hoses,Rubber,Zhongli Parts,CNY,2145,8.5942,2.6538,-0.0971,7.3044,0.9228,19.3781,41566.02
2025-Q1,SKU-1018,Belts & Hoses 822,Belts & Hoses,Rubber,Zhongli Parts,CNY,2145,8.607,2.617,0.1864,7.4601,0.9435,19.814,42501.03
2025-Q2,SKU-1018,Belts & Hoses 822,Belts & Hoses,Rubber,Zhongli Parts,CNY,2145,9.534,2.6527,0.4172,7.6399,1.0122,21.256,45594.12
2025-Q3,SKU-1018,Belts & Hoses 822,Belts & Hoses,Rubber,Zhongli Parts,CNY,2145,9.2103,2.3477,1.3016,7.5633,1.0211,21.444,45997.38
2025-Q4,SKU-1018,Belts & Hoses 822,Belts & Hoses,Rubber,Zhongli Parts,CNY,2145,9.9112,2.1228,1.491,7.8214,1.0673,22.4137,48077.39
2023-Q1,SKU-1019,Spark Plugs 933,Spark Plugs,Copper,Zhongli Parts,CNY,19475,3.1517,1.0331,0.0,1.5597,0.1436,5.8881,114670.75
2023-Q2,SKU-1019,Spark Plugs 933,Spark Plugs,Copper,Zhongli Parts,CNY,19475,3.3339,1.094,-0.1543,1.6131,0.1472,6.0339,117510.2
2023-Q3,SKU-1019,Spark Plugs 933,Spark Plugs,Copper,Zhongli Parts,CNY,19475,3.4558,1.0748,-0.0459,1.6216,0.1527,6.259,121894.02
2023-Q4,SKU-1019,Spark Plugs 933,Spark Plugs,Copper,Zhongli Parts,CNY,19475,3.6957,1.0974,0.0469,1.6713,0.1628,6.6741,129978.1
2024-Q1,SKU-1019,Spark Plugs 933,Spark Plugs,Copper,Zhongli Parts,CNY,19475,3.7044,1.1616,0.0317,1.7009,0.165,6.7636,131721.11
2024-Q2,SKU-1019,Spark Plugs 933,Spark Plugs,Copper,Zhongli Parts,CNY,19475,3.8434,1.2263,-0.102,1.6908,0.1665,6.825,132916.88
2024-Q3,SKU-1019,Spark Plugs 933,Spark Plugs,Copper,Zhongli Parts,CNY,19475,4.0953,1.3161,-0.0284,1.7195,0.1776,7.2801,141779.95
2024-Q4,SKU-1019,Spark Plugs 933,Spark Plugs,Copper,Zhongli Parts,CNY,19475,4.1339,1.332,-0.0362,1.7903,0.1805,7.4005,144124.74
2025-Q1,SKU-1019,Spark Plugs 933,Spark Plugs,Copper,Zhongli Parts,CNY,19475,4.363,1.3136,0.0721,1.8507,0.19,7.7894,151698.56
2025-Q2,SKU-1019,Spark Plugs 933,Spark Plugs,Copper,Zhongli Parts,CNY,19475,4.3119,1.3315,0.1483,1.7941,0.1896,7.7754,151425.92
2025-Q3,SKU-1019,Spark Plugs 933,Spark Plugs,Copper,Zhongli Parts,CNY,19475,4.3387,1.1784,0.4745,1.7754,0.1942,7.9612,155044.37
2025-Q4,SKU-1019,Spark Plugs 933,Spark Plugs,Copper,Zhongli Parts,CNY,19475,4.3608,1.0655,0.5185,1.8054,0.1938,7.944,154709.4
2023-Q1,SKU-1020,Spark Plugs 382,Spark Plugs,Copper,Zhongli Parts,CNY,19134,3.4843,0.5651,0.0,1.4339,0.2742,5.7575,110164.0
2023-Q2,SKU-1020,Spark Plugs 382,Spark Plugs,Copper,Zhongli Parts,CNY,19134,3.6858,0.5984,-0.1607,1.4686,0.2796,5.8717,112349.11
2023-Q3,SKU-1020,Spark Plugs 382,Spark Plugs,Copper,Zhongli Parts,CNY,19134,3.8205,0.5879,-0.0479,1.4775,0.2919,6.1299,117289.51
2023-Q4,SKU-1020,Spark Plugs 382,Spark Plugs,Copper,Zhongli Parts,CNY,19134,4.0858,0.6003,0.0493,1.5456,0.314,6.595,126188.73
2024-Q1,SKU-1020,Spark Plugs 382,Spark Plugs,Copper,Zhongli Parts,CNY,19134,4.0955,0.6354,0.0331,1.5464,0.3155,6.6259,126779.97
2024-Q2,SKU-1020,Spark Plugs 382,Spark Plugs,Copper,Zhongli Parts,CNY,19134,4.2491,0.6708,-0.1067,1.5428,0.3178,6.6738,127696.49
2024-Q3,SKU-1020,Spark Plugs 382,Spark Plugs,Copper,Zhongli Parts,CNY,19134,4.5275,0.7199,-0.03,1.6203,0.3419,7.1796,137374.47
2024-Q4,SKU-1020,Spark Plugs 382,Spark Plugs,Copper,Zhongli Parts,CNY,19134,4.5703,0.7286,-0.038,1.6468,0.3454,7.2531,138780.82
2025-Q1,SKU-1020,Spark Plugs 382,Spark Plugs,Copper,Zhongli Parts,CNY,19134,4.8235,0.7185,0.0752,1.6616,0.3639,7.6427,146235.42
2025-Q2,SKU-1020,Spark Plugs 382,Spark Plugs,Copper,Zhongli Parts,CNY,19134,4.767,0.7283,0.1558,1.6449,0.3648,7.6608,146581.75
2025-Q3,SKU-1020,Spark Plugs 382,Spark Plugs,Copper,Zhongli Parts,CNY,19134,4.7966,0.6446,0.5005,1.6526,0.3797,7.974,152574.52
2025-Q4,SKU-1020,Spark Plugs 382,Spark Plugs,Copper,Zhongli Parts,CNY,19134,4.8211,0.5828,0.5456,1.6675,0.3809,7.9979,153031.82
2023-Q1,SKU-1021,Spark Plugs 599,Spark Plugs,Copper,Zhongli Parts,CNY,16895,3.0221,0.9501,0.0,2.3087,0.0,6.2809,106115.81
2023-Q2,SKU-1021,Spark Plugs 599,Spark Plugs,Copper,Zhongli Parts,CNY,16895,3.1969,1.0061,-0.1748,2.4075,0.0,6.4357,108731.15
2023-Q3,SKU-1021,Spark Plugs 599,Spark Plugs,Copper,Zhongli Parts,CNY,16895,3.3137,0.9884,-0.0519,2.4308,0.0,6.681,112875.5
2023-Q4,SKU-1021,Spark Plugs 599,Spark Plugs,Copper,Zhongli Parts,CNY,16895,3.5438,1.0092,0.0533,2.555,0.0,7.1613,120990.16
2024-Q1,SKU-1021,Spark Plugs 599,Spark Plugs,Copper,Zhongli Parts,CNY,16895,3.5522,1.0682,0.0356,2.5101,0.0,7.1661,121071.26
2024-Q2,SKU-1021,Spark Plugs 599,Spark Plugs,Copper,Zhongli Parts,CNY,16895,3.6854,1.1277,-0.1157,2.5948,0.0,7.2922,123201.72
2024-Q3,SKU-1021,Spark Plugs 599,Spark Plugs,Copper,Zhongli Parts,CNY,16895,3.927,1.2103,-0.0319,2.6048,0.0,7.7102,130263.83
2024-Q4,SKU-1021,Spark Plugs 599,Spark Plugs,Copper,Zhongli Parts,CNY,16895,3.964,1.225,-0.0404,2.656,0.0,7.8046,131858.72
2025-Q1,SKU-1021,Spark Plugs 599,Spark Plugs,Copper,Zhongli Parts,CNY,16895,4.1837,1.208,0.0801,2.718,0.0,8.1898,138366.67
2025-Q2,SKU-1021,Spark Plugs 599,Spark Plugs,Copper,Zhongli Parts,CNY,16895,4.1346,1.2244,0.1654,2.6748,0.0,8.1992,138525.48
2025-Q3,SKU-1021,Spark Plugs 599,Spark Plugs,Copper,Zhongli Parts,CNY,16895,4.1603,1.0837,0.5329,2.7074,0.0,8.4843,143342.25
2025-Q4,SKU-1021,Spark Plugs 599,Spark Plugs,Copper,Zhongli Parts,CNY,16895,4.1815,0.9799,0.5818,2.7383,0.0,8.4815,143294.94
2023-Q1,SKU-1022,Brakes 968,Brakes,Steel,EuroTech GmbH,EUR,4038,26.6423,6.8075,0.0,10.1309,3.2685,46.8492,189177.07
2023-Q2,SKU-1022,Brakes 968,Brakes,Steel,EuroTech GmbH,EUR,4038,25.923,7.2088,-0.7872,9.9918,3.1752,45.5116,183775.84
2023-Q3,SKU-1022,Brakes 968,Brakes,Steel,EuroTech GmbH,EUR,4038,27.5437,7.0823,-0.0891,10.1792,3.3537,48.0698,194105.85
2023-Q4,SKU-1022,Brakes 968,Brakes,Steel,EuroTech GmbH,EUR,4038,29.5277,7.231,-0.8518,10.1271,3.4525,49.4865,199826.49
2024-Q1,SKU-1022,Brakes 968,Brakes,Steel,EuroTech GmbH,EUR,4038,27.3854,7.6537,-0.929,10.1432,3.319,47.5723,192096.95
2024-Q2,SKU-1022,Brakes 968,Brakes,Steel,EuroTech GmbH,EUR,4038,26.287,8.0802,0.7675,10.1555,3.3968,48.687,196598.11
2024-Q3,SKU-1022,Brakes 968,Brakes,Steel,EuroTech GmbH,EUR,4038,27.1122,8.6719,0.6797,9.9994,3.4847,49.9479,201689.62
2024-Q4,SKU-1022,Brakes 968,Brakes,Steel,EuroTech GmbH,EUR,4038,27.3613,8.777,1.8311,10.0133,3.5987,51.5814,208285.69
2025-Q1,SKU-1022,Brakes 968,Brakes,Steel,EuroTech GmbH,EUR,4038,28.0223,8.6554,1.0714,10.2391,3.5991,51.5873,208309.52
2025-Q2,SKU-1022,Brakes 968,Brakes,Steel,EuroTech GmbH,EUR,4038,27.5277,8.7733,1.1256,10.1275,3.5666,51.1207,206425.39
2025-Q3,SKU-1022,Brakes 968,Brakes,Steel,EuroTech GmbH,EUR,4038,29.4263,7.7645,0.3457,9.9562,3.5619,51.0546,206158.47
2025-Q4,SKU-1022,Brakes 968,Brakes,Steel,EuroTech GmbH,EUR,4038,31.3063,7.0209,0.2743,10.3325,3.67,52.604,212414.95
2023-Q1,SKU-1023,Brakes 670,Brakes,Steel,EuroTech GmbH,EUR,15802,15.9948,6.764,0.0,11.1711,0.8483,34.7782,549565.12
2023-Q2,SKU-1023,Brakes 670,Brakes,Steel,EuroTech GmbH,EUR,15802,15.563,7.1628,-0.5835,11.0612,0.8301,34.0336,537798.95
2023-Q3,SKU-1023,Brakes 670,Brakes,Steel,EuroTech GmbH,EUR,15802,16.536,7.0371,-0.0651,11.0129,0.863,35.3839,559136.39
2023-Q4,SKU-1023,Brakes 670,Brakes,Steel,EuroTech GmbH,EUR,15802,17.7271,7.1849,-0.6234,11.2942,0.8896,36.4724,576336.86
2024-Q1,SKU-1023,Brakes 670,Brakes,Steel,EuroTech GmbH,EUR,15802,16.441,7.6049,-0.6841,11.1952,0.8639,35.4209,559721.06
2024-Q2,SKU-1023,Brakes 670,Brakes,Steel,EuroTech GmbH,EUR,15802,15.7815,8.0287,0.5726,11.4062,0.8947,36.6837,579675.83
2024-Q3,SKU-1023,Brakes 670,Brakes,Steel,EuroTech GmbH,EUR,15802,16.2769,8.6166,0.5032,11.1974,0.9149,37.509,592717.22
2024-Q4,SKU-1023,Brakes 670,Brakes,Steel,EuroTech GmbH,EUR,15802,16.4265,8.7211,1.3534,11.199,0.9425,38.6425,610628.78
2025-Q1,SKU-1023,Brakes 670,Brakes,Steel,EuroTech GmbH,EUR,15802,16.8234,8.6002,0.7834,11.151,0.9339,38.2919,605088.6
2025-Q2,SKU-1023,Brakes 670,Brakes,Steel,EuroTech GmbH,EUR,15802,16.5264,8.7173,0.8303,11.2503,0.9331,38.2574,604543.43
2025-Q3,SKU-1023,Brakes 670,Brakes,Steel,EuroTech GmbH,EUR,15802,17.6662,7.7149,0.254,11.2686,0.9226,37.8263,597731.19
2025-Q4,SKU-1023,Brakes 670,Brakes,Steel,EuroTech GmbH,EUR,15802,18.7949,6.9761,0.1988,11.3777,0.9337,38.2812,604919.52
2023-Q1,SKU-1024,Batteries 516,Batteries,Lead,EuroTech GmbH,EUR,5036,68.2315,24.3836,0.0,26.6972,8.9484,128.2607,645920.89
2023-Q2,SKU-1024,Batteries 516,Batteries,Lead,EuroTech GmbH,EUR,5036,72.3316,25.8213,-2.1727,26.8009,9.2086,131.9897,664700.13
2023-Q3,SKU-1024,Batteries 516,Batteries,Lead,EuroTech GmbH,EUR,5036,74.7692,25.368,-0.24,26.8371,9.5051,136.2394,686101.62
2023-Q4,SKU-1024,Batteries 516,Batteries,Lead,EuroTech GmbH,EUR,5036,73.3208,25.9007,-2.1582,27.1494,9.316,133.5287,672450.53
2024-Q1,SKU-1024,Batteries 516,Batteries,Lead,EuroTech GmbH,EUR,5036,75.502,27.4149,-2.5468,27.3822,9.5814,137.3337,691612.51
2024-Q2,SKU-1024,Batteries 516,Batteries,Lead,EuroTech GmbH,EUR,5036,73.7387,28.9425,2.1178,26.8223,9.8716,141.4929,712558.24
2024-Q3,SKU-1024,Batteries 516,Batteries,Lead,EuroTech GmbH,EUR,5036,77.4358,31.062,1.911,26.9041,10.2985,147.6114,743371.01
2024-Q4,SKU-1024,Batteries 516,Batteries,Lead,EuroTech GmbH,EUR,5036,78.4427,31.4385,5.1719,27.1222,10.6631,152.8384,769694.18
2025-Q1,SKU-1024,Batteries 516,Batteries,Lead,EuroTech GmbH,EUR,5036,79.0393,31.0027,2.969,26.9837,10.4996,150.4943,757889.29
2025-Q2,SKU-1024,Batteries 516,Batteries,Lead,EuroTech GmbH,EUR,5036,78.0721,31.425,3.1493,27.2862,10.4949,150.4275,757552.89
2025-Q3,SKU-1024,Batteries 516,Batteries,Lead,EuroTech GmbH,EUR,5036,83.061,27.8115,0.962,26.5245,10.3769,148.7359,749033.99
2025-Q4,SKU-1024,Batteries 516,Batteries,Lead,EuroTech GmbH,EUR,5036,83.7935,25.1481,0.7294,26.9213,10.2444,146.8367,739469.62
2023-Q1,SKU-1025,Batteries 642,Batteries,Lead,EuroTech GmbH,EUR,2818,60.9423,20.2958,0.0,32.3798,2.8405,116.4584,328179.77
2023-Q2,SKU-1025,Batteries 642,Batteries,Lead,EuroTech GmbH,EUR,2818,64.6044,21.4924,-2.1168,31.976,2.8989,118.8549,334933.11
2023-Q3,SKU-1025,Batteries 642,Batteries,Lead,EuroTech GmbH,EUR,2818,66.7815,21.1152,-0.2345,32.477,3.0035,123.1427,347016.13
2023-Q4,SKU-1025,Batteries 642,Batteries,Lead,EuroTech GmbH,EUR,2818,65.4879,21.5586,-2.104,32.4582,2.935,120.3357,339106.0
2024-Q1,SKU-1025,Batteries 642,Batteries,Lead,EuroTech GmbH,EUR,2818,67.4361,22.8189,-2.4799,32.7434,3.013,123.5315,348111.77
2024-Q2,SKU-1025,Batteries 642,Batteries,Lead,EuroTech GmbH,EUR,2818,65.8611,24.0905,2.0847,33.1301,3.1292,128.2956,361537.0
2024-Q3,SKU-1025,Batteries 642,Batteries,Lead,EuroTech GmbH,EUR,2818,69.1633,25.8546,1.867,32.7753,3.2415,132.9017,374516.99
2024-Q4,SKU-1025,Batteries 642,Batteries,Lead,EuroTech GmbH,EUR,2818,70.0626,26.168,5.0269,32.543,3.345,137.1455,386476.02
2025-Q1,SKU-1025,Batteries 642,Batteries,Lead,EuroTech GmbH,EUR,2818,70.5955,25.8052,2.8975,32.8751,3.3043,135.4776,381775.88
2025-Q2,SKU-1025,Batteries 642,Batteries,Lead,EuroTech GmbH,EUR,2818,69.7316,26.1567,3.0772,33.2129,3.3045,135.4829,381790.81
2025-Q3,SKU-1025,Batteries 642,Batteries,Lead,EuroTech GmbH,EUR,2818,74.1876,23.1491,0.938,32.6713,3.2736,134.2196,378230.83
2025-Q4,SKU-1025,Batteries 642,Batteries,Lead,EuroTech GmbH,EUR,2818,74.8418,20.9321,0.7086,32.7102,3.2298,132.4225,373166.61
2023-Q1,SKU-1026,Batteries 965,Batteries,Lead,EuroTech GmbH,EUR,17416,57.8619,14.8717,0.0,43.331,8.7048,124.7694,2172983.87
2023-Q2,SKU-1026,Batteries 965,Batteries,Lead,EuroTech GmbH,EUR,17416,61.3388,15.7485,-2.2896,43.1243,8.8442,126.7662,2207760.14
2023-Q3,SKU-1026,Batteries 965,Batteries,Lead,EuroTech GmbH,EUR,17416,63.406,15.4721,-0.2527,43.5757,9.1651,131.3662,2287873.74
2023-Q4,SKU-1026,Batteries 965,Batteries,Lead,EuroTech GmbH,EUR,17416,62.1777,15.797,-2.2646,43.2451,8.9216,127.8768,2227102.35
2024-Q1,SKU-1026,Batteries 965,Batteries,Lead,EuroTech GmbH,EUR,17416,64.0275,16.7205,-2.6648,43.6222,9.1279,130.8333,2278592.75
2024-Q2,SKU-1026,Batteries 965,Batteries,Lead,EuroTech GmbH,EUR,17416,62.5321,17.6522,2.2186,42.8182,9.3916,134.6127,2344414.78
2024-Q3,SKU-1026,Batteries 965,Batteries,Lead,EuroTech GmbH,EUR,17416,65.6673,18.9449,1.9971,43.3757,9.7489,139.7339,2433605.6
2024-Q4,SKU-1026,Batteries 965,Batteries,Lead,EuroTech GmbH,EUR,17416,66.5212,19.1745,5.3815,43.3219,10.0799,144.479,2516246.26
2025-Q1,SKU-1026,Batteries 965,Batteries,Lead,EuroTech GmbH,EUR,17416,67.0271,18.9087,3.0785,42.9076,9.8941,141.816,2469867.46
2025-Q2,SKU-1026,Batteries 965,Batteries,Lead,EuroTech GmbH,EUR,17416,66.2069,19.1663,3.2562,42.7273,9.8518,141.2085,2459287.24
2025-Q3,SKU-1026,Batteries 965,Batteries,Lead,EuroTech GmbH,EUR,17416,70.4376,16.9624,1.0033,43.854,9.9193,142.1766,2476147.67
2025-Q4,SKU-1026,Batteries 965,Batteries,Lead,EuroTech GmbH,EUR,17416,71.0588,15.338,0.7543,43.4304,9.7936,140.3751,2444772.74
2023-Q1,SKU-1027,Batteries 770,Batteries,Lead,EuroTech GmbH,EUR,19203,61.5936,22.7772,0.0,48.0747,0.0,132.4455,2543350.94
2023-Q2,SKU-1027,Batteries 770,Batteries,Lead,EuroTech GmbH,EUR,19203,65.2948,24.1201,-2.4978,48.6704,0.0,135.5875,2603686.76
2023-Q3,SKU-1027,Batteries 770,Batteries,Lead,EuroTech GmbH,EUR,19203,67.4952,23.6968,-0.276,49.3518,0.0,140.2678,2693562.56
2023-Q4,SKU-1027,Batteries 770,Batteries,Lead,EuroTech GmbH,EUR,19203,66.1877,24.1944,-2.4453,47.6446,0.0,135.5814,2603569.62
2024-Q1,SKU-1027,Batteries 770,Batteries,Lead,EuroTech GmbH,EUR,19203,68.1568,25.6088,-2.878,48.103,0.0,138.9906,2669036.49
2024-Q2,SKU-1027,Batteries 770,Batteries,Lead,EuroTech GmbH,EUR,19203,66.565,27.0358,2.4194,48.319,0.0,144.3392,2771745.66
2024-Q3,SKU-1027,Batteries 770,Batteries,Lead,EuroTech GmbH,EUR,19203,69.9024,29.0156,2.1888,49.6085,0.0,150.7153,2894185.91
2024-Q4,SKU-1027,Batteries 770,Batteries,Lead,EuroTech GmbH,EUR,19203,70.8114,29.3673,5.8733,49.0719,0.0,155.1239,2978844.25
2025-Q1,SKU-1027,Batteries 770,Batteries,Lead,EuroTech GmbH,EUR,19203,71.3499,28.9602,3.3794,49.3286,0.0,153.0181,2938406.57
2025-Q2,SKU-1027,Batteries 770,Batteries,Lead,EuroTech GmbH,EUR,19203,70.4768,29.3547,3.5525,48.3677,0.0,151.7517,2914087.9
2025-Q3,SKU-1027,Batteries 770,Batteries,Lead,EuroTech GmbH,EUR,19203,74.9804,25.9793,1.0844,48.5553,0.0,150.5994,2891960.28
2025-Q4,SKU-1027,Batteries 770,Batteries,Lead,EuroTech GmbH,EUR,19203,75.6416,23.4913,0.8234,49.3426,0.0,149.2989,2866986.78
2023-Q1,SKU-1028,Radiators 231,Radiators,Aluminum,EuroTech GmbH,EUR,6715,47.6037,20.9313,0.0,30.9112,2.4862,101.9324,684476.07
2023-Q2,SKU-1028,Radiators 231,Radiators,Aluminum,EuroTech GmbH,EUR,6715,47.8539,22.1653,-1.7298,31.0709,2.484,101.8443,683884.47
2023-Q3,SKU-1028,Radiators 231,Radiators,Aluminum,EuroTech GmbH,EUR,6715,49.2961,21.7763,-0.1894,30.8902,2.5443,104.3175,700492.01
2023-Q4,SKU-1028,Radiators 231,Radiators,Aluminum,EuroTech GmbH,EUR,6715,51.8255,22.2336,-1.7817,31.1162,2.5848,105.9784,711644.96
2024-Q1,SKU-1028,Radiators 231,Radiators,Aluminum,EuroTech GmbH,EUR,6715,54.8086,23.5333,-2.1285,31.1759,2.6847,110.074,739146.91
2024-Q2,SKU-1028,Radiators 231,Radiators,Aluminum,EuroTech GmbH,EUR,6715,58.1885,24.8447,1.8883,31.477,2.91,119.3085,801156.58
2024-Q3,SKU-1028,Radiators 231,Radiators,Aluminum,EuroTech GmbH,EUR,6715,58.4541,26.6641,1.6474,31.4946,2.9565,121.2167,813970.14
2024-Q4,SKU-1028,Radiators 231,Radiators,Aluminum,EuroTech GmbH,EUR,6715,58.3888,26.9873,4.3667,30.7428,3.0121,123.4977,829287.06
2025-Q1,SKU-1028,Radiators 231,Radiators,Aluminum,EuroTech GmbH,EUR,6715,62.1781,26.6131,2.6001,30.6719,3.0516,125.1148,840145.88
2025-Q2,SKU-1028,Radiators 231,Radiators,Aluminum,EuroTech GmbH,EUR,6715,62.9513,26.9757,2.8293,31.7007,3.1114,127.5684,856621.81
2025-Q3,SKU-1028,Radiators 231,Radiators,Aluminum,EuroTech GmbH,EUR,6715,60.3209,23.8738,0.8075,31.6728,2.9169,119.5919,803059.61
2025-Q4,SKU-1028,Radiators 231,Radiators,Aluminum,EuroTech GmbH,EUR,6715,58.2299,21.5874,0.5874,30.9227,2.7832,114.1106,766252.68
2023-Q1,SKU-1029,Radiators 638,Radiators,Aluminum,EuroTech GmbH,EUR,3727,38.6607,9.1568,0.0,31.9982,3.9908,83.8065,312346.83
2023-Q2,SKU-1029,Radiators 638,Radiators,Aluminum,EuroTech GmbH,EUR,3727,38.8639,9.6966,-1.5673,32.6455,3.9819,83.6206,311653.98
2023-Q3,SKU-1029,Radiators 638,Radiators,Aluminum,EuroTech GmbH,EUR,3727,40.0352,9.5264,-0.1725,32.9661,4.1178,86.473,322284.87
2023-Q4,SKU-1029,Radiators 638,Radiators,Aluminum,EuroTech GmbH,EUR,3727,42.0895,9.7265,-1.6202,33.3353,4.1766,87.7077,326886.6
2024-Q1,SKU-1029,Radiators 638,Radiators,Aluminum,EuroTech GmbH,EUR,3727,44.5122,10.2951,-1.9193,33.0197,4.2954,90.2031,336186.95
2024-Q2,SKU-1029,Radiators 638,Radiators,Aluminum,EuroTech GmbH,EUR,3727,47.2571,10.8688,1.6869,32.8459,4.6329,97.2916,362605.79
2024-Q3,SKU-1029,Radiators 638,Radiators,Aluminum,EuroTech GmbH,EUR,3727,47.4728,11.6647,1.4681,32.685,4.6645,97.9551,365078.66
2024-Q4,SKU-1029,Radiators 638,Radiators,Aluminum,EuroTech GmbH,EUR,3727,47.4197,11.8061,3.9388,32.9777,4.8071,100.9494,376238.41
2025-Q1,SKU-1029,Radiators 638,Radiators,Aluminum,EuroTech GmbH,EUR,3727,50.4972,11.6424,2.3384,33.0062,4.8742,102.3584,381489.76
2025-Q2,SKU-1029,Radiators 638,Radiators,Aluminum,EuroTech GmbH,EUR,3727,51.1252,11.801,2.5086,32.7993,4.9117,103.1458,384424.4
2025-Q3,SKU-1029,Radiators 638,Radiators,Aluminum,EuroTech GmbH,EUR,3727,48.9889,10.444,0.7259,33.7081,4.6934,98.5603,367334.24
2025-Q4,SKU-1029,Radiators 638,Radiators,Aluminum,EuroTech GmbH,EUR,3727,47.2908,9.4438,0.5326,33.5506,4.5409,95.3587,355401.87
2023-Q1,SKU-1030,Radiators 119,Radiators,Aluminum,EuroTech GmbH,EUR,4299,33.3299,12.3673,0.0,26.9555,0.0,72.6527,312333.96
2023-Q2,SKU-1030,Radiators 119,Radiators,Aluminum,EuroTech GmbH,EUR,4299,33.5051,13.0964,-1.3133,26.4143,0.0,71.7025,308249.05
2023-Q3,SKU-1030,Radiators 119,Radiators,Aluminum,EuroTech GmbH,EUR,4299,34.5148,12.8666,-0.1452,26.928,0.0,74.1642,318831.9
2023-Q4,SKU-1030,Radiators 119,Radiators,Aluminum,EuroTech GmbH,EUR,4299,36.2858,13.1368,-1.3582,26.9414,0.0,75.0058,322449.93
2024-Q1,SKU-1030,Radiators 119,Radiators,Aluminum,EuroTech GmbH,EUR,4299,38.3745,13.9047,-1.6176,26.9724,0.0,77.634,333748.57
2024-Q2,SKU-1030,Radiators 119,Radiators,Aluminum,EuroTech GmbH,EUR,4299,40.7409,14.6795,1.4325,27.2821,0.0,84.135,361696.37
2024-Q3,SKU-1030,Radiators 119,Radiators,Aluminum,EuroTech GmbH,EUR,4299,40.9269,15.7545,1.2464,27.1258,0.0,85.0536,365645.43
2024-Q4,SKU-1030,Radiators 119,Radiators,Aluminum,EuroTech GmbH,EUR,4299,40.8811,15.9455,3.3331,27.1519,0.0,87.3116,375352.57
2025-Q1,SKU-1030,Radiators 119,Radiators,Aluminum,EuroTech GmbH,EUR,4299,43.5343,15.7244,1.9817,27.2305,0.0,88.4709,380336.4
2025-Q2,SKU-1030,Radiators 119,Radiators,Aluminum,EuroTech GmbH,EUR,4299,44.0756,15.9386,2.1297,27.1732,0.0,89.3171,383974.21
2025-Q3,SKU-1030,Radiators 119,Radiators,Aluminum,EuroTech GmbH,EUR,4299,42.2339,14.1059,0.6037,26.5334,0.0,83.4769,358867.19
2025-Q4,SKU-1030,Radiators 119,Radiators,Aluminum,EuroTech GmbH,EUR,4299,40.7699,12.755,0.4463,26.9725,0.0,80.9437,347976.97
2023-Q1,SKU-1031,Filters 711,Filters,Paper,Monterrey Supply,MXN,16650,5.0109,1.8646,0.0,2.2079,0.2271,9.3105,155019.82
2023-Q2,SKU-1031,Filters 711,Filters,Paper,Monterrey Supply,MXN,16650,5.0081,1.9746,0.0156,2.1918,0.2298,9.4199,156841.34
2023-Q3,SKU-1031,Filters 711,Filters,Paper,Monterrey Supply,MXN,16650,5.1382,1.9399,0.0442,2.2604,0.2346,9.6173,160128.05
2023-Q4,SKU-1031,Filters 711,Filters,Paper,Monterrey Supply,MXN,16650,5.2459,1.9807,0.4179,2.2638,0.2477,10.156,169097.4
2024-Q1,SKU-1031,Filters 711,Filters,Paper,Monterrey Supply,MXN,16650,5.3633,2.0964,0.6526,2.2582,0.2593,10.6298,176986.17
2024-Q2,SKU-1031,Filters 711,Filters,Paper,Monterrey Supply,MXN,16650,5.4862,2.2133,0.739,2.2364,0.2669,10.9418,182180.97
2024-Q3,SKU-1031,Filters 711,Filters,Paper,Monterrey Supply,MXN,16650,5.8936,2.3753,1.26,2.2698,0.295,12.0937,201360.1
2024-Q4,SKU-1031,Filters 711,Filters,Paper,Monterrey Supply,MXN,16650,5.8807,2.4041,0.7608,2.2398,0.2821,11.5675,192598.88
2025-Q1,SKU-1031,Filters 711,Filters,Paper,Monterrey Supply,MXN,16650,5.8491,2.3708,0.4874,2.2433,0.2738,11.2244,186886.26
2025-Q2,SKU-1031,Filters 711,Filters,Paper,Monterrey Supply,MXN,16650,5.7648,2.4031,0.1247,2.2127,0.2626,10.7679,179285.53
2025-Q3,SKU-1031,Filters 711,Filters,Paper,Monterrey Supply,MXN,16650,5.929,2.1268,-0.0432,2.2494,0.2565,10.5185,175133.02
2025-Q4,SKU-1031,Filters 711,Filters,Paper,Monterrey Supply,MXN,16650,6.1891,1.9231,-0.5486,2.2477,0.2453,10.0566,167442.39
2023-Q1,SKU-1032,Filters 812,Filters,Paper,Monterrey Supply,MXN,17097,3.7762,0.9971,0.0,2.9529,0.0,7.7262,132094.84
2023-Q2,SKU-1032,Filters 812,Filters,Paper,Monterrey Supply,MXN,17097,3.7741,1.0559,0.0147,2.9903,0.0,7.835,133955.0
2023-Q3,SKU-1032,Filters 812,Filters,Paper,Monterrey Supply,MXN,17097,3.8721,1.0374,0.041,2.9933,0.0,7.9438,135815.15
2023-Q4,SKU-1032,Filters 812,Filters,Paper,Monterrey Supply,MXN,17097,3.9533,1.0592,0.3898,3.0527,0.0,8.455,144555.14
2024-Q1,SKU-1032,Filters 812,Filters,Paper,Monterrey Supply,MXN,17097,4.0418,1.1211,0.6055,3.0291,0.0,8.7975,150410.86
2024-Q2,SKU-1032,Filters 812,Filters,Paper,Monterrey Supply,MXN,17097,4.1344,1.1836,0.6833,3.0064,0.0,9.0077,154004.65
2024-Q3,SKU-1032,Filters 812,Filters,Paper,Monterrey Supply,MXN,17097,4.4414,1.2702,1.1525,3.0257,0.0,9.8898,169085.91
2024-Q4,SKU-1032,Filters 812,Filters,Paper,Monterrey Supply,MXN,17097,4.4316,1.2856,0.6981,3.0192,0.0,9.4345,161301.65
2025-Q1,SKU-1032,Filters 812,Filters,Paper,Monterrey Supply,MXN,17097,4.4079,1.2678,0.4468,3.0108,0.0,9.1333,156152.03
2025-Q2,SKU-1032,Filters 812,Filters,Paper,Monterrey Supply,MXN,17097,4.3443,1.2851,0.1146,2.982,0.0,8.726,149188.42
2025-Q3,SKU-1032,Filters 812,Filters,Paper,Monterrey Supply,MXN,17097,4.4681,1.1373,-0.0395,3.0148,0.0,8.5807,146704.23
2025-Q4,SKU-1032,Filters 812,Filters,Paper,Monterrey Supply,MXN,17097,4.6641,1.0284,-0.4987,3.0047,0.0,8.1985,140169.75
2023-Q1,SKU-1033,Filters 324,Filters,Paper,Monterrey Supply,MXN,19002,4.4931,1.4151,0.0,3.8142,0.2431,9.9655,189364.43
2023-Q2,SKU-1033,Filters 324,Filters,Paper,Monterrey Supply,MXN,19002,4.4905,1.4986,0.0182,3.8822,0.2472,10.1367,192617.57
2023-Q3,SKU-1033,Filters 324,Filters,Paper,Monterrey Supply,MXN,19002,4.6071,1.4723,0.0508,3.8825,0.2503,10.263,195017.53
2023-Q4,SKU-1033,Filters 324,Filters,Paper,Monterrey Supply,MXN,19002,4.7037,1.5032,0.4733,3.8025,0.2621,10.7448,204172.69
2024-Q1,SKU-1033,Filters 324,Filters,Paper,Monterrey Supply,MXN,19002,4.809,1.591,0.7433,3.8713,0.2754,11.29,214532.58
2024-Q2,SKU-1033,Filters 324,Filters,Paper,Monterrey Supply,MXN,19002,4.9192,1.6797,0.8458,3.9193,0.2841,11.6481,221337.2
2024-Q3,SKU-1033,Filters 324,Filters,Paper,Monterrey Supply,MXN,19002,5.2845,1.8027,1.4234,3.9374,0.3112,12.7592,242450.32
2024-Q4,SKU-1033,Filters 324,Filters,Paper,Monterrey Supply,MXN,19002,5.2729,1.8246,0.8627,3.9356,0.2974,12.1932,231695.19
2025-Q1,SKU-1033,Filters 324,Filters,Paper,Monterrey Supply,MXN,19002,5.2446,1.7993,0.5506,3.8963,0.2873,11.7781,223807.46
2025-Q2,SKU-1033,Filters 324,Filters,Paper,Monterrey Supply,MXN,19002,5.169,1.8238,0.1412,3.8589,0.2748,11.2677,214108.84
2025-Q3,SKU-1033,Filters 324,Filters,Paper,Monterrey Supply,MXN,19002,5.3162,1.6141,-0.0484,3.856,0.2684,11.0063,209141.71
2025-Q4,SKU-1033,Filters 324,Filters,Paper,Monterrey Supply,MXN,19002,5.5494,1.4595,-0.6159,3.9212,0.2579,10.5721,200891.04
2023-Q1,SKU-1034,Motor Oil 570,Motor Oil,Crude Oil,Monterrey Supply,MXN,2319,9.2889,4.2568,0.0,6.6555,1.5151,21.7163,50360.1
2023-Q2,SKU-1034,Motor Oil 570,Motor Oil,Crude Oil,Monterrey Supply,MXN,2319,8.8652,4.5077,0.0338,6.7157,1.5092,21.6316,50163.68
2023-Q3,SKU-1034,Motor Oil 570,Motor Oil,Crude Oil,Monterrey Supply,MXN,2319,8.4733,4.4286,0.0907,6.7033,1.4772,21.1731,49100.42
2023-Q4,SKU-1034,Motor Oil 570,Motor Oil,Crude Oil,Monterrey Supply,MXN,2319,9.2237,4.5216,0.8817,6.6216,1.5936,22.8422,52971.06
2024-Q1,SKU-1034,Motor Oil 570,Motor Oil,Crude Oil,Monterrey Supply,MXN,2319,10.1174,4.7859,1.4295,6.5775,1.7183,24.6286,57113.72
2024-Q2,SKU-1034,Motor Oil 570,Motor Oil,Crude Oil,Monterrey Supply,MXN,2319,10.9155,5.0526,1.6826,6.6673,1.8238,26.1418,60622.83
2024-Q3,SKU-1034,Motor Oil 570,Motor Oil,Crude Oil,Monterrey Supply,MXN,2319,10.5891,5.4226,2.6672,6.6912,1.9028,27.2729,63245.86
2024-Q4,SKU-1034,Motor Oil 570,Motor Oil,Crude Oil,Monterrey Supply,MXN,2319,11.1281,5.4884,1.6687,6.6826,1.8726,26.8404,62242.89
2025-Q1,SKU-1034,Motor Oil 570,Motor Oil,Crude Oil,Monterrey Supply,MXN,2319,11.5788,5.4123,1.0994,6.6738,1.8573,26.6216,61735.49
2025-Q2,SKU-1034,Motor Oil 570,Motor Oil,Crude Oil,Monterrey Supply,MXN,2319,12.154,5.486,0.2956,6.7494,1.8514,26.5364,61537.91
2025-Q3,SKU-1034,Motor Oil 570,Motor Oil,Crude Oil,Monterrey Supply,MXN,2319,13.4719,4.8552,-0.1067,6.7463,1.8725,26.8392,62240.1
2025-Q4,SKU-1034,Motor Oil 570,Motor Oil,Crude Oil,Monterrey Supply,MXN,2319,14.1471,4.3902,-1.3597,6.7621,1.7955,25.7352,59679.93
2023-Q1,SKU-1035,Motor Oil 719,Motor Oil,Crude Oil,Monterrey Supply,MXN,2432,17.2124,5.9387,0.0,4.1601,0.6828,27.994,68081.41
2023-Q2,SKU-1035,Motor Oil 719,Motor Oil,Crude Oil,Monterrey Supply,MXN,2432,16.4273,6.2888,0.0446,4.1305,0.6723,27.5635,67034.43
2023-Q3,SKU-1035,Motor Oil 719,Motor Oil,Crude Oil,Monterrey Supply,MXN,2432,15.7012,6.1785,0.1187,4.1573,0.6539,26.8096,65200.95
2023-Q4,SKU-1035,Motor Oil 719,Motor Oil,Crude Oil,Monterrey Supply,MXN,2432,17.0915,6.3082,1.1824,4.1585,0.7185,29.4591,71644.53
2024-Q1,SKU-1035,Motor Oil 719,Motor Oil,Crude Oil,Monterrey Supply,MXN,2432,18.7476,6.677,1.9579,4.1184,0.7875,32.2884,78525.39
2024-Q2,SKU-1035,Motor Oil 719,Motor Oil,Crude Oil,Monterrey Supply,MXN,2432,20.2265,7.049,2.334,4.1635,0.8443,34.6173,84189.27
2024-Q3,SKU-1035,Motor Oil 719,Motor Oil,Crude Oil,Monterrey Supply,MXN,2432,19.6218,7.5652,3.6824,4.2358,0.8776,35.9828,87510.17
2024-Q4,SKU-1035,Motor Oil 719,Motor Oil,Crude Oil,Monterrey Supply,MXN,2432,20.6204,7.6569,2.3198,4.14,0.8684,35.6055,86592.58
2025-Q1,SKU-1035,Motor Oil 719,Motor Oil,Crude Oil,Monterrey Supply,MXN,2432,21.4556,7.5508,1.5399,4.1105,0.8664,35.5232,86392.42
2025-Q2,SKU-1035,Motor Oil 719,Motor Oil,Crude Oil,Monterrey Supply,MXN,2432,22.5216,7.6536,0.4168,4.1339,0.8681,35.594,86564.61
2025-Q3,SKU-1035,Motor Oil 719,Motor Oil,Crude Oil,Monterrey Supply,MXN,2432,24.9635,6.7736,-0.1541,4.2418,0.8956,36.7204,89304.01
2025-Q4,SKU-1035,Motor Oil 719,Motor Oil,Crude Oil,Monterrey Supply,MXN,2432,26.2148,6.1249,-1.9815,4.2569,0.8654,35.4805,86288.58
2023-Q1,SKU-1036,Motor Oil 821,Motor Oil,Crude Oil,Monterrey Supply,MXN,12742,16.1645,3.0991,0.0,7.4106,1.3337,28.0079,356876.66
2023-Q2,SKU-1036,Motor Oil 821,Motor Oil,Crude Oil,Monterrey Supply,MXN,12742,15.4272,3.2818,0.0498,7.5094,1.3134,27.5816,351444.75
2023-Q3,SKU-1036,Motor Oil 821,Motor Oil,Crude Oil,Monterrey Supply,MXN,12742,14.7453,3.2242,0.1313,7.221,1.2661,26.5879,338783.02
2023-Q4,SKU-1036,Motor Oil 821,Motor Oil,Crude Oil,Monterrey Supply,MXN,12742,16.051,3.292,1.3076,7.4487,1.405,29.5043,375943.79
2024-Q1,SKU-1036,Motor Oil 821,Motor Oil,Crude Oil,Monterrey Supply,MXN,12742,17.6062,3.4844,2.1556,7.5683,1.5407,32.3552,412269.96
2024-Q2,SKU-1036,Motor Oil 821,Motor Oil,Crude Oil,Monterrey Supply,MXN,12742,18.9951,3.6786,2.526,7.4006,1.63,34.2303,436162.48
2024-Q3,SKU-1036,Motor Oil 821,Motor Oil,Crude Oil,Monterrey Supply,MXN,12742,18.4272,3.9479,3.9931,7.4431,1.6906,35.5019,452365.21
2024-Q4,SKU-1036,Motor Oil 821,Motor Oil,Crude Oil,Monterrey Supply,MXN,12742,19.3651,3.9958,2.511,7.4369,1.6654,34.9742,445641.26
2025-Q1,SKU-1036,Motor Oil 821,Motor Oil,Crude Oil,Monterrey Supply,MXN,12742,20.1494,3.9404,1.6621,7.4444,1.6598,34.8561,444136.43
2025-Q2,SKU-1036,Motor Oil 821,Motor Oil,Crude Oil,Monterrey Supply,MXN,12742,21.1504,3.9941,0.4481,7.5095,1.6551,34.7572,442876.24
2025-Q3,SKU-1036,Motor Oil 821,Motor Oil,Crude Oil,Monterrey Supply,MXN,12742,23.4437,3.5348,-0.1643,7.6923,1.7253,36.2318,461665.6
2025-Q4,SKU-1036,Motor Oil 821,Motor Oil,Crude Oil,Monterrey Supply,MXN,12742,24.6188,3.1963,-2.1049,7.7497,1.673,35.1329,447663.41
2023-Q1,SKU-1037,Motor Oil 842,Motor Oil,Crude Oil,Monterrey Supply,MXN,10953,15.0012,3.7541,0.0,5.3632,1.8089,25.9274,283982.81
2023-Q2,SKU-1037,Motor Oil 842,Motor Oil,Crude Oil,Monterrey Supply,MXN,10953,14.3169,3.9754,0.043,5.4837,1.7864,25.6054,280455.95
2023-Q3,SKU-1037,Motor Oil 842,Motor Oil,Crude Oil,Monterrey Supply,MXN,10953,13.6841,3.9057,0.114,5.3831,1.7315,24.8184,271835.94
2023-Q4,SKU-1037,Motor Oil 842,Motor Oil,Crude Oil,Monterrey Supply,MXN,10953,14.8959,3.9877,1.1335,5.4756,1.9119,27.4046,300162.58
2024-Q1,SKU-1037,Motor Oil 842,Motor Oil,Crude Oil,Monterrey Supply,MXN,10953,16.3392,4.2208,1.8615,5.4002,2.0866,29.9083,327585.61
2024-Q2,SKU-1037,Motor Oil 842,Motor Oil,Crude Oil,Monterrey Supply,MXN,10953,17.6281,4.456,2.2071,5.4354,2.2295,31.9561,350015.16
2024-Q3,SKU-1037,Motor Oil 842,Motor Oil,Crude Oil,Monterrey Supply,MXN,10953,17.101,4.7823,3.479,5.4386,2.3101,33.111,362664.78
2024-Q4,SKU-1037,Motor Oil 842,Motor Oil,Crude Oil,Monterrey Supply,MXN,10953,17.9714,4.8403,2.2089,5.6056,2.297,32.9232,360607.81
2025-Q1,SKU-1037,Motor Oil 842,Motor Oil,Crude Oil,Monterrey Supply,MXN,10953,18.6993,4.7732,1.4572,5.4934,2.2817,32.7048,358215.67
2025-Q2,SKU-1037,Motor Oil 842,Motor Oil,Crude Oil,Monterrey Supply,MXN,10953,19.6283,4.8382,0.3918,5.4262,2.2713,32.5558,356583.68
2025-Q3,SKU-1037,Motor Oil 842,Motor Oil,Crude Oil,Monterrey Supply,MXN,10953,21.7566,4.2819,-0.1441,5.5545,2.3587,33.8076,370294.64
2025-Q4,SKU-1037,Motor Oil 842,Motor Oil,Crude Oil,Monterrey Supply,MXN,10953,22.8471,3.8718,-1.8435,5.5025,2.2783,32.6562,357683.36
2023-Q1,SKU-1038,Wipers 716,Wipers,Rubber,Monterrey Supply,MXN,12971,5.1997,1.7118,0.0,3.9482,0.0,10.8597,140861.17
2023-Q2,SKU-1038,Wipers 716,Wipers,Rubber,Monterrey Supply,MXN,12971,5.3143,1.8127,0.0202,4.008,0.0,11.1552,144694.1
2023-Q3,SKU-1038,Wipers 716,Wipers,Rubber,Monterrey Supply,MXN,12971,5.5022,1.7809,0.0567,3.9804,0.0,11.3202,146834.31
2023-Q4,SKU-1038,Wipers 716,Wipers,Rubber,Monterrey Supply,MXN,12971,5.8096,1.8183,0.5459,4.0019,0.0,12.1757,157931.0
2024-Q1,SKU-1038,Wipers 716,Wipers,Rubber,Monterrey Supply,MXN,12971,5.4063,1.9246,0.8034,3.976,0.0,12.1103,157082.7
2024-Q2,SKU-1038,Wipers 716,Wipers,Rubber,Monterrey Supply,MXN,12971,5.3999,2.0318,0.8984,3.9886,0.0,12.3187,159785.86
2024-Q3,SKU-1038,Wipers 716,Wipers,Rubber,Monterrey Supply,MXN,12971,5.3447,2.1806,1.4408,3.99,0.0,12.9561,168053.57
2024-Q4,SKU-1038,Wipers 716,Wipers,Rubber,Monterrey Supply,MXN,12971,5.236,2.207,0.8552,3.8921,0.0,12.1903,158120.38
2025-Q1,SKU-1038,Wipers 716,Wipers,Rubber,Monterrey Supply,MXN,12971,5.2438,2.1764,0.5565,3.9957,0.0,11.9724,155294.0
2025-Q2,SKU-1038,Wipers 716,Wipers,Rubber,Monterrey Supply,MXN,12971,5.8086,2.2061,0.1526,3.9519,0.0,12.1192,157198.14
2025-Q3,SKU-1038,Wipers 716,Wipers,Rubber,Monterrey Supply,MXN,12971,5.6114,1.9524,-0.0503,3.9261,0.0,11.4396,148383.05
2025-Q4,SKU-1038,Wipers 716,Wipers,Rubber,Monterrey Supply,MXN,12971,6.0384,1.7654,-0.6526,3.9973,0.0,11.1485,144607.19
2023-Q1,SKU-1039,Wipers 474,Wipers,Rubber,Monterrey Supply,MXN,7095,5.6076,1.4928,0.0,3.619,0.268,10.9874,77955.6
2023-Q2,SKU-1039,Wipers 474,Wipers,Rubber,Monterrey Supply,MXN,7095,5.7313,1.5808,0.0202,3.5948,0.2732,11.2003,79466.13
2023-Q3,SKU-1039,Wipers 474,Wipers,Rubber,Monterrey Supply,MXN,7095,5.9339,1.553,0.0573,3.6565,0.28,11.4807,81455.57
2023-Q4,SKU-1039,Wipers 474,Wipers,Rubber,Monterrey Supply,MXN,7095,6.2655,1.5857,0.5483,3.5886,0.2997,12.2878,87181.94
2024-Q1,SKU-1039,Wipers 474,Wipers,Rubber,Monterrey Supply,MXN,7095,5.8305,1.6784,0.8082,3.6084,0.2981,12.2236,86726.44
2024-Q2,SKU-1039,Wipers 474,Wipers,Rubber,Monterrey Supply,MXN,7095,5.8236,1.7719,0.902,3.6017,0.3025,12.4017,87990.06
2024-Q3,SKU-1039,Wipers 474,Wipers,Rubber,Monterrey Supply,MXN,7095,5.764,1.9016,1.4483,3.6193,0.3183,13.0515,92600.39
2024-Q4,SKU-1039,Wipers 474,Wipers,Rubber,Monterrey Supply,MXN,7095,5.6468,1.9247,0.8689,3.6273,0.3017,12.3694,87760.89
2025-Q1,SKU-1039,Wipers 474,Wipers,Rubber,Monterrey Supply,MXN,7095,5.6553,1.898,0.5563,3.581,0.2923,11.9829,85018.68
2025-Q2,SKU-1039,Wipers 474,Wipers,Rubber,Monterrey Supply,MXN,7095,6.2643,1.9239,0.1552,3.6633,0.3002,12.3069,87317.46
2025-Q3,SKU-1039,Wipers 474,Wipers,Rubber,Monterrey Supply,MXN,7095,6.0516,1.7026,-0.0511,3.6325,0.2834,11.619,82436.8
2025-Q4,SKU-1039,Wipers 474,Wipers,Rubber,Monterrey Supply,MXN,7095,6.5122,1.5396,-0.6561,3.5767,0.2743,11.2467,79795.34
2023-Q1,SKU-1040,Wipers 490,Wipers,Rubber,Monterrey Supply,MXN,7899,6.5666,2.757,0.0,3.498,0.6411,13.4627,106341.87
2023-Q2,SKU-1040,Wipers 490,Wipers,Rubber,Monterrey Supply,MXN,7899,6.7115,2.9196,0.0223,3.5714,0.6612,13.886,109685.51
2023-Q3,SKU-1040,Wipers 490,Wipers,Rubber,Monterrey Supply,MXN,7899,6.9487,2.8683,0.0629,3.5704,0.6725,14.1228,111556.0
2023-Q4,SKU-1040,Wipers 490,Wipers,Rubber,Monterrey Supply,MXN,7899,7.337,2.9286,0.6077,3.5851,0.7229,15.1813,119917.09
2024-Q1,SKU-1040,Wipers 490,Wipers,Rubber,Monterrey Supply,MXN,7899,6.8276,3.0998,0.8907,3.574,0.7196,15.1117,119367.32
2024-Q2,SKU-1040,Wipers 490,Wipers,Rubber,Monterrey Supply,MXN,7899,6.8195,3.2725,0.9955,3.5828,0.7335,15.4038,121674.62
2024-Q3,SKU-1040,Wipers 490,Wipers,Rubber,Monterrey Supply,MXN,7899,6.7498,3.5121,1.5985,3.6067,0.7734,16.2405,128283.71
2024-Q4,SKU-1040,Wipers 490,Wipers,Rubber,Monterrey Supply,MXN,7899,6.6126,3.5547,0.9502,3.5295,0.7323,15.3793,121481.09
2025-Q1,SKU-1040,Wipers 490,Wipers,Rubber,Monterrey Supply,MXN,7899,6.6224,3.5054,0.6114,3.5276,0.7133,14.9801,118327.81
2025-Q2,SKU-1040,Wipers 490,Wipers,Rubber,Monterrey Supply,MXN,7899,7.3356,3.5532,0.1702,3.5498,0.7304,15.3392,121164.34
2025-Q3,SKU-1040,Wipers 490,Wipers,Rubber,Monterrey Supply,MXN,7899,7.0866,3.1446,-0.0564,3.5923,0.6884,14.4555,114183.99
2025-Q4,SKU-1040,Wipers 490,Wipers,Rubber,Monterrey Supply,MXN,7899,7.6259,2.8435,-0.7327,3.6411,0.6689,14.0467,110954.88
2023-Q1,SKU-1041,Batteries 867,Batteries,Lead,Great Lakes Mfg,USD,9877,61.2231,22.1805,0.0,26.3807,2.7446,112.5289,1111447.95
2023-Q2,SKU-1041,Batteries 867,Batteries,Lead,Great Lakes Mfg,USD,9877,64.902,23.4883,0.0,26.071,2.8615,117.3228,1158797.3
2023-Q3,SKU-1041,Batteries 867,Batteries,Lead,Great Lakes Mfg,USD,9877,67.0892,23.076,0.0,26.4243,2.9147,119.5042,1180342.98
2023-Q4,SKU-1041,Batteries 867,Batteries,Lead,Great Lakes Mfg,USD,9877,65.7896,23.5606,0.0,26.5707,2.898,118.8189,1173574.28
2024-Q1,SKU-1041,Batteries 867,Batteries,Lead,Great Lakes Mfg,USD,9877,67.7468,24.9379,0.0,26.7707,2.9864,122.4418,1209357.66
2024-Q2,SKU-1041,Batteries 867,Batteries,Lead,Great Lakes Mfg,USD,9877,66.1646,26.3275,0.0,26.7076,2.98,122.1797,1206768.9
2024-Q3,SKU-1041,Batteries 867,Batteries,Lead,Great Lakes Mfg,USD,9877,69.4819,28.2555,0.0,27.0413,3.1195,127.8982,1263250.52
2024-Q4,SKU-1041,Batteries 867,Batteries,Lead,Great Lakes Mfg,USD,9877,70.3854,28.598,0.0,27.0072,3.1498,129.1404,1275519.73
2025-Q1,SKU-1041,Batteries 867,Batteries,Lead,Great Lakes Mfg,USD,9877,70.9207,28.2015,0.0,27.4025,3.1631,129.6878,1280926.4
2025-Q2,SKU-1041,Batteries 867,Batteries,Lead,Great Lakes Mfg,USD,9877,70.0528,28.5857,0.0,26.8891,3.1382,128.6658,1270832.11
2025-Q3,SKU-1041,Batteries 867,Batteries,Lead,Great Lakes Mfg,USD,9877,74.5293,25.2987,0.0,27.1303,3.174,130.1323,1285316.73
2025-Q4,SKU-1041,Batteries 867,Batteries,Lead,Great Lakes Mfg,USD,9877,75.1866,22.8759,0.0,27.5283,3.1398,128.7306,1271472.14
2023-Q1,SKU-1042,Batteries 686,Batteries,Lead,Great Lakes Mfg,USD,11284,76.3208,17.8138,0.0,37.6456,6.589,138.3692,1561358.05
2023-Q2,SKU-1042,Batteries 686,Batteries,Lead,Great Lakes Mfg,USD,11284,80.9069,18.8641,0.0,38.7263,6.9249,145.4222,1640944.1
2023-Q3,SKU-1042,Batteries 686,Batteries,Lead,Great Lakes Mfg,USD,11284,83.6335,18.533,0.0,38.8214,7.0494,148.0373,1670452.89
2023-Q4,SKU-1042,Batteries 686,Batteries,Lead,Great Lakes Mfg,USD,11284,82.0134,18.9222,0.0,38.6041,6.977,146.5167,1653294.44
2024-Q1,SKU-1042,Batteries 686,Batteries,Lead,Great Lakes Mfg,USD,11284,84.4533,20.0283,0.0,39.451,7.1966,151.1292,1705341.89
2024-Q2,SKU-1042,Batteries 686,Batteries,Lead,Great Lakes Mfg,USD,11284,82.4808,21.1444,0.0,38.4577,7.1041,149.187,1683426.11
2024-Q3,SKU-1042,Batteries 686,Batteries,Lead,Great Lakes Mfg,USD,11284,86.6163,22.6928,0.0,39.794,7.4552,156.5583,1766603.86
2024-Q4,SKU-1042,Batteries 686,Batteries,Lead,Great Lakes Mfg,USD,11284,87.7425,22.9679,0.0,39.0047,7.4858,157.2009,1773854.96
2025-Q1,SKU-1042,Batteries 686,Batteries,Lead,Great Lakes Mfg,USD,11284,88.4098,22.6494,0.0,38.6528,7.4856,157.1976,1773817.72
2025-Q2,SKU-1042,Batteries 686,Batteries,Lead,Great Lakes Mfg,USD,11284,87.328,22.958,0.0,39.0865,7.4686,156.8411,1769794.97
2025-Q3,SKU-1042,Batteries 686,Batteries,Lead,Great Lakes Mfg,USD,11284,92.9084,20.3181,0.0,39.0676,7.6147,159.9088,1804410.9
2025-Q4,SKU-1042,Batteries 686,Batteries,Lead,Great Lakes Mfg,USD,11284,93.7277,18.3723,0.0,39.2533,7.5677,158.921,1793264.56
2023-Q1,SKU-1043,Batteries 258,Batteries,Lead,Great Lakes Mfg,USD,14830,61.2244,21.1323,0.0,21.6825,7.8029,111.8421,1658618.34
2023-Q2,SKU-1043,Batteries 258,Batteries,Lead,Great Lakes Mfg,USD,14830,64.9034,22.3782,0.0,21.9114,8.1895,117.3825,1740782.48
2023-Q3,SKU-1043,Batteries 258,Batteries,Lead,Great Lakes Mfg,USD,14830,67.0906,21.9854,0.0,21.7728,8.3137,119.1625,1767179.88
2023-Q4,SKU-1043,Batteries 258,Batteries,Lead,Great Lakes Mfg,USD,14830,65.791,22.4471,0.0,22.0516,8.2717,118.5614,1758265.56
2024-Q1,SKU-1043,Batteries 258,Batteries,Lead,Great Lakes Mfg,USD,14830,67.7483,23.7594,0.0,22.1919,8.5275,122.2271,1812627.89
2024-Q2,SKU-1043,Batteries 258,Batteries,Lead,Great Lakes Mfg,USD,14830,66.166,25.0833,0.0,22.1684,8.5063,121.924,1808132.92
2024-Q3,SKU-1043,Batteries 258,Batteries,Lead,Great Lakes Mfg,USD,14830,69.4834,26.9202,0.0,22.1481,8.8914,127.4431,1889981.17
2024-Q4,SKU-1043,Batteries 258,Batteries,Lead,Great Lakes Mfg,USD,14830,70.3869,27.2465,0.0,22.376,9.0007,129.0101,1913219.78
2025-Q1,SKU-1043,Batteries 258,Batteries,Lead,Great Lakes Mfg,USD,14830,70.9222,26.8688,0.0,21.7037,8.9621,128.4568,1905014.34
2025-Q2,SKU-1043,Batteries 258,Batteries,Lead,Great Lakes Mfg,USD,14830,70.0543,27.2348,0.0,21.9953,8.9463,128.2307,1901661.28
2025-Q3,SKU-1043,Batteries 258,Batteries,Lead,Great Lakes Mfg,USD,14830,74.5309,24.1031,0.0,22.1136,9.0561,129.8037,1924988.87
2025-Q4,SKU-1043,Batteries 258,Batteries,Lead,Great Lakes Mfg,USD,14830,75.1882,21.7948,0.0,22.3614,8.9508,128.2952,1902617.82
2023-Q1,SKU-1044,Batteries 218,Batteries,Lead,Great Lakes Mfg,USD,12906,73.4399,13.591,0.0,36.16,0.0,123.1909,1589901.76
2023-Q2,SKU-1044,Batteries 218,Batteries,Lead,Great Lakes Mfg,USD,12906,77.8529,14.3923,0.0,36.6352,0.0,128.8804,1663330.44
2023-Q3,SKU-1044,Batteries 218,Batteries,Lead,Great Lakes Mfg,USD,12906,80.4766,14.1397,0.0,37.575,0.0,132.1913,1706060.92
2023-Q4,SKU-1044,Batteries 218,Batteries,Lead,Great Lakes Mfg,USD,12906,78.9176,14.4366,0.0,36.7129,0.0,130.0671,1678645.99
2024-Q1,SKU-1044,Batteries 218,Batteries,Lead,Great Lakes Mfg,USD,12906,81.2654,15.2806,0.0,37.0996,0.0,133.6456,1724830.11
2024-Q2,SKU-1044,Batteries 218,Batteries,Lead,Great Lakes Mfg,USD,12906,79.3674,16.1321,0.0,36.7236,0.0,132.2231,1706471.33
2024-Q3,SKU-1044,Batteries 218,Batteries,Lead,Great Lakes Mfg,USD,12906,83.3467,17.3134,0.0,37.1312,0.0,137.7913,1778334.52
2024-Q4,SKU-1044,Batteries 218,Batteries,Lead,Great Lakes Mfg,USD,12906,84.4305,17.5233,0.0,37.1864,0.0,139.1402,1795743.42
2025-Q1,SKU-1044,Batteries 218,Batteries,Lead,Great Lakes Mfg,USD,12906,85.0726,17.2804,0.0,37.3949,0.0,139.7479,1803586.4
2025-Q2,SKU-1044,Batteries 218,Batteries,Lead,Great Lakes Mfg,USD,12906,84.0316,17.5158,0.0,37.5783,0.0,139.1257,1795556.28
2025-Q3,SKU-1044,Batteries 218,Batteries,Lead,Great Lakes Mfg,USD,12906,89.4013,15.5017,0.0,38.1525,0.0,143.0555,1846274.28
2025-Q4,SKU-1044,Batteries 218,Batteries,Lead,Great Lakes Mfg,USD,12906,90.1897,14.0171,0.0,37.7246,0.0,141.9314,1831766.65
2023-Q1,SKU-1045,Brakes 941,Brakes,Steel,Great Lakes Mfg,USD,19218,21.9105,6.149,0.0,7.8952,2.6966,38.6513,742800.68
2023-Q2,SKU-1045,Brakes 941,Brakes,Steel,Great Lakes Mfg,USD,19218,21.3189,6.5116,0.0,7.8857,2.6787,38.3949,737873.19
2023-Q3,SKU-1045,Brakes 941,Brakes,Steel,Great Lakes Mfg,USD,19218,22.6519,6.3973,0.0,7.8819,2.7698,39.7009,762971.9
2023-Q4,SKU-1045,Brakes 941,Brakes,Steel,Great Lakes Mfg,USD,19218,24.2834,6.5316,0.0,8.0502,2.9149,41.7801,802929.96
2024-Q1,SKU-1045,Brakes 941,Brakes,Steel,Great Lakes Mfg,USD,19218,22.5216,6.9134,0.0,7.9497,2.8039,40.1886,772344.51
2024-Q2,SKU-1045,Brakes 941,Brakes,Steel,Great Lakes Mfg,USD,19218,21.6183,7.2987,0.0,7.9283,2.7634,39.6087,761200.0
2024-Q3,SKU-1045,Brakes 941,Brakes,Steel,Great Lakes Mfg,USD,19218,22.2969,7.8332,0.0,7.9393,2.8552,40.9246,786488.96
2024-Q4,SKU-1045,Brakes 941,Brakes,Steel,Great Lakes Mfg,USD,19218,22.5018,7.9281,0.0,7.9192,2.8762,41.2253,792267.82
2025-Q1,SKU-1045,Brakes 941,Brakes,Steel,Great Lakes Mfg,USD,19218,23.0454,7.8182,0.0,8.0041,2.9151,41.7828,802981.85
2025-Q2,SKU-1045,Brakes 941,Brakes,Steel,Great Lakes Mfg,USD,19218,22.6386,7.9247,0.0,7.9108,2.8856,41.3597,794850.71
2025-Q3,SKU-1045,Brakes 941,Brakes,Steel,Great Lakes Mfg,USD,19218,24.2,7.0135,0.0,7.944,2.9368,42.0943,808968.26
2025-Q4,SKU-1045,Brakes 941,Brakes,Steel,Great Lakes Mfg,USD,19218,25.7462,6.3418,0.0,8.0814,3.0127,43.1821,829873.6
2023-Q1,SKU-1046,Brakes 500,Brakes,Steel,Great Lakes Mfg,USD,15761,30.0158,6.1236,0.0,10.5015,2.332,48.9729,771861.88
2023-Q2,SKU-1046,Brakes 500,Brakes,Steel,Great Lakes Mfg,USD,15761,29.2054,6.4846,0.0,11.0352,2.3363,49.0615,773258.3
2023-Q3,SKU-1046,Brakes 500,Brakes,Steel,Great Lakes Mfg,USD,15761,31.0314,6.3708,0.0,10.4788,2.394,50.275,792384.28
2023-Q4,SKU-1046,Brakes 500,Brakes,Steel,Great Lakes Mfg,USD,15761,33.2665,6.5046,0.0,10.8079,2.5289,53.1079,837033.61
2024-Q1,SKU-1046,Brakes 500,Brakes,Steel,Great Lakes Mfg,USD,15761,30.8529,6.8849,0.0,10.9127,2.4325,51.083,805119.16
2024-Q2,SKU-1046,Brakes 500,Brakes,Steel,Great Lakes Mfg,USD,15761,29.6155,7.2685,0.0,10.9568,2.392,50.2328,791719.16
2024-Q3,SKU-1046,Brakes 500,Brakes,Steel,Great Lakes Mfg,USD,15761,30.5452,7.8008,0.0,10.7214,2.4534,51.5208,812019.33
2024-Q4,SKU-1046,Brakes 500,Brakes,Steel,Great Lakes Mfg,USD,15761,30.8258,7.8953,0.0,10.7853,2.4753,51.9817,819283.57
2025-Q1,SKU-1046,Brakes 500,Brakes,Steel,Great Lakes Mfg,USD,15761,31.5705,7.7859,0.0,11.0509,2.5204,52.9277,834193.48
2025-Q2,SKU-1046,Brakes 500,Brakes,Steel,Great Lakes Mfg,USD,15761,31.0133,7.8919,0.0,10.8201,2.4863,52.2116,822907.03
2025-Q3,SKU-1046,Brakes 500,Brakes,Steel,Great Lakes Mfg,USD,15761,33.1522,6.9845,0.0,11.2308,2.5684,53.9359,850083.72
2025-Q4,SKU-1046,Brakes 500,Brakes,Steel,Great Lakes Mfg,USD,15761,35.2703,6.3156,0.0,11.1024,2.6344,55.3227,871941.07
2023-Q1,SKU-1047,Brakes 630,Brakes,Steel,Great Lakes Mfg,USD,10650,17.0444,5.9058,0.0,12.2966,1.7623,37.0091,394146.92
2023-Q2,SKU-1047,Brakes 630,Brakes,Steel,Great Lakes Mfg,USD,10650,16.5842,6.254,0.0,12.6431,1.7741,37.2554,396770.01
2023-Q3,SKU-1047,Brakes 630,Brakes,Steel,Great Lakes Mfg,USD,10650,17.6211,6.1442,0.0,12.3249,1.8045,37.8947,403578.56
2023-Q4,SKU-1047,Brakes 630,Brakes,Steel,Great Lakes Mfg,USD,10650,18.8903,6.2733,0.0,12.3228,1.8743,39.3607,419191.46
2024-Q1,SKU-1047,Brakes 630,Brakes,Steel,Great Lakes Mfg,USD,10650,17.5197,6.64,0.0,12.2845,1.8222,38.2664,407537.16
2024-Q2,SKU-1047,Brakes 630,Brakes,Steel,Great Lakes Mfg,USD,10650,16.817,7.01,0.0,12.3403,1.8084,37.9757,404441.2
2024-Q3,SKU-1047,Brakes 630,Brakes,Steel,Great Lakes Mfg,USD,10650,17.345,7.5233,0.0,12.1119,1.849,38.8292,413530.98
2024-Q4,SKU-1047,Brakes 630,Brakes,Steel,Great Lakes Mfg,USD,10650,17.5043,7.6145,0.0,12.2649,1.8692,39.2529,418043.38
2025-Q1,SKU-1047,Brakes 630,Brakes,Steel,Great Lakes Mfg,USD,10650,17.9272,7.509,0.0,12.2509,1.8844,39.5715,421436.48
2025-Q2,SKU-1047,Brakes 630,Brakes,Steel,Great Lakes Mfg,USD,10650,17.6108,7.6113,0.0,12.4209,1.8821,39.5251,420942.32
2025-Q3,SKU-1047,Brakes 630,Brakes,Steel,Great Lakes Mfg,USD,10650,18.8254,6.7361,0.0,12.4428,1.9002,39.9045,424982.92
2025-Q4,SKU-1047,Brakes 630,Brakes,Steel,Great Lakes Mfg,USD,10650,20.0281,6.091,0.0,12.5336,1.9326,40.5853,432233.44
2023-Q1,SKU-1048,Belts & Hoses 614,Belts & Hoses,Rubber,Great Lakes Mfg,USD,13745,9.8106,3.1885,0.0,3.2729,0.8136,17.0856,234841.57
2023-Q2,SKU-1048,Belts & Hoses 614,Belts & Hoses,Rubber,Great Lakes Mfg,USD,13745,10.027,3.3765,0.0,3.2945,0.8349,17.5329,240989.71
2023-Q3,SKU-1048,Belts & Hoses 614,Belts & Hoses,Rubber,Great Lakes Mfg,USD,13745,10.3814,3.3172,0.0,3.3252,0.8512,17.875,245691.88
2023-Q4,SKU-1048,Belts & Hoses 614,Belts & Hoses,Rubber,Great Lakes Mfg,USD,13745,10.9615,3.3869,0.0,3.3013,0.8825,18.5322,254725.09
2024-Q1,SKU-1048,Belts & Hoses 614,Belts & Hoses,Rubber,Great Lakes Mfg,USD,13745,10.2005,3.5849,0.0,3.2618,0.8524,17.8996,246030.0
2024-Q2,SKU-1048,Belts & Hoses 614,Belts & Hoses,Rubber,Great Lakes Mfg,USD,13745,10.1884,3.7847,0.0,3.3315,0.8652,18.1698,249743.9
2024-Q3,SKU-1048,Belts & Hoses 614,Belts & Hoses,Rubber,Great Lakes Mfg,USD,13745,10.0843,4.0618,0.0,3.2766,0.8711,18.2938,251448.28
2024-Q4,SKU-1048,Belts & Hoses 614,Belts & Hoses,Rubber,Great Lakes Mfg,USD,13745,9.8792,4.1111,0.0,3.2334,0.8612,18.0849,248576.95
2025-Q1,SKU-1048,Belts & Hoses 614,Belts & Hoses,Rubber,Great Lakes Mfg,USD,13745,9.894,4.0541,0.0,3.2951,0.8622,18.1054,248858.72
2025-Q2,SKU-1048,Belts & Hoses 614,Belts & Hoses,Rubber,Great Lakes Mfg,USD,13745,10.9595,4.1093,0.0,3.3491,0.9209,19.3388,265811.81
2025-Q3,SKU-1048,Belts & Hoses 614,Belts & Hoses,Rubber,Great Lakes Mfg,USD,13745,10.5874,3.6368,0.0,3.2651,0.8745,18.3638,252410.43
2025-Q4,SKU-1048,Belts & Hoses 614,Belts & Hoses,Rubber,Great Lakes Mfg,USD,13745,11.3931,3.2885,0.0,3.3631,0.9022,18.9469,260425.14
2023-Q1,SKU-1049,Belts & Hoses 565,Belts & Hoses,Rubber,Great Lakes Mfg,USD,10096,10.9163,1.9622,0.0,4.3102,1.2892,18.4779,186552.88
2023-Q2,SKU-1049,Belts & Hoses 565,Belts & Hoses,Rubber,Great Lakes Mfg,USD,10096,11.1571,2.0779,0.0,4.3089,1.3158,18.8597,190407.53
2023-Q3,SKU-1049,Belts & Hoses 565,Belts & Hoses,Rubber,Great Lakes Mfg,USD,10096,11.5514,2.0415,0.0,4.3432,1.3452,19.2813,194664.0
2023-Q4,SKU-1049,Belts & Hoses 565,Belts & Hoses,Rubber,Great Lakes Mfg,USD,10096,12.1969,2.0843,0.0,4.294,1.3931,19.9683,201599.96
2024-Q1,SKU-1049,Belts & Hoses 565,Belts & Hoses,Rubber,Great Lakes Mfg,USD,10096,11.3501,2.2062,0.0,4.3184,1.3406,19.2153,193997.67
2024-Q2,SKU-1049,Belts & Hoses 565,Belts & Hoses,Rubber,Great Lakes Mfg,USD,10096,11.3367,2.3291,0.0,4.2905,1.3467,19.303,194883.09
2024-Q3,SKU-1049,Belts & Hoses 565,Belts & Hoses,Rubber,Great Lakes Mfg,USD,10096,11.2208,2.4997,0.0,4.276,1.3497,19.3462,195319.24
2024-Q4,SKU-1049,Belts & Hoses 565,Belts & Hoses,Rubber,Great Lakes Mfg,USD,10096,10.9926,2.53,0.0,4.3205,1.3382,19.1813,193654.4
2025-Q1,SKU-1049,Belts & Hoses 565,Belts & Hoses,Rubber,Great Lakes Mfg,USD,10096,11.009,2.4949,0.0,4.3475,1.3389,19.1903,193745.27
2025-Q2,SKU-1049,Belts & Hoses 565,Belts & Hoses,Rubber,Great Lakes Mfg,USD,10096,12.1947,2.5289,0.0,4.4307,1.4366,20.5909,207885.73
2025-Q3,SKU-1049,Belts & Hoses 565,Belts & Hoses,Rubber,Great Lakes Mfg,USD,10096,11.7807,2.2381,0.0,4.3858,1.3803,19.7849,199748.35
2025-Q4,SKU-1049,Belts & Hoses 565,Belts & Hoses,Rubber,Great Lakes Mfg,USD,10096,12.6771,2.0238,0.0,4.3776,1.4309,20.5094,207062.9
2023-Q1,SKU-1050,Filters 748,Filters,Paper,Pacific Components,CNY,2210,5.3905,1.9485,0.0,2.7706,0.0,10.1096,22342.22
2023-Q2,SKU-1050,Filters 748,Filters,Paper,Pacific Components,CNY,2210,5.3875,2.0633,-0.2548,2.7821,0.0,9.9781,22051.6
2023-Q3,SKU-1050,Filters 748,Filters,Paper,Pacific Components,CNY,2210,5.5274,2.0271,-0.0749,2.7678,0.0,10.2474,22646.75
2023-Q4,SKU-1050,Filters 748,Filters,Paper,Pacific Components,CNY,2210,5.6433,2.0697,0.0736,2.771,0.0,10.5576,23332.3
2024-Q1,SKU-1050,Filters 748,Filters,Paper,Pacific Components,CNY,2210,5.7696,2.1907,0.0502,2.7934,0.0,10.8039,23876.62
2024-Q2,SKU-1050,Filters 748,Filters,Paper,Pacific Components,CNY,2210,5.9018,2.3127,-0.1598,2.7724,0.0,10.8271,23927.89
2024-Q3,SKU-1050,Filters 748,Filters,Paper,Pacific Components,CNY,2210,6.34,2.4821,-0.0444,2.7651,0.0,11.5428,25509.59
2024-Q4,SKU-1050,Filters 748,Filters,Paper,Pacific Components,CNY,2210,6.3261,2.5122,-0.0556,2.7734,0.0,11.5561,25538.98
2025-Q1,SKU-1050,Filters 748,Filters,Paper,Pacific Components,CNY,2210,6.2922,2.4774,0.1055,2.8015,0.0,11.6766,25805.29
2025-Q2,SKU-1050,Filters 748,Filters,Paper,Pacific Components,CNY,2210,6.2015,2.5111,0.2182,2.7818,0.0,11.7126,25884.85
2025-Q3,SKU-1050,Filters 748,Filters,Paper,Pacific Components,CNY,2210,6.3781,2.2224,0.7119,2.7956,0.0,12.108,26758.68
2025-Q4,SKU-1050,Filters 748,Filters,Paper,Pacific Components,CNY,2210,6.6579,2.0095,0.7963,2.8119,0.0,12.2756,27129.08
2023-Q1,SKU-1051,Filters 703,Filters,Paper,Pacific Components,CNY,14895,5.3429,1.1747,0.0,2.3414,0.6644,9.5234,141851.04
2023-Q2,SKU-1051,Filters 703,Filters,Paper,Pacific Components,CNY,14895,5.3399,1.2439,-0.2404,2.368,0.6534,9.3648,139488.7
2023-Q3,SKU-1051,Filters 703,Filters,Paper,Pacific Components,CNY,14895,5.4786,1.2221,-0.0708,2.3621,0.6744,9.6664,143981.03
2023-Q4,SKU-1051,Filters 703,Filters,Paper,Pacific Components,CNY,14895,5.5934,1.2478,0.0693,2.3267,0.6928,9.93,147907.35
2024-Q1,SKU-1051,Filters 703,Filters,Paper,Pacific Components,CNY,14895,5.7186,1.3207,0.0476,2.3924,0.7109,10.1902,151783.03
2024-Q2,SKU-1051,Filters 703,Filters,Paper,Pacific Components,CNY,14895,5.8497,1.3943,-0.1511,2.3496,0.7082,10.1507,151194.68
2024-Q3,SKU-1051,Filters 703,Filters,Paper,Pacific Components,CNY,14895,6.2841,1.4964,-0.042,2.332,0.7553,10.8258,161250.29
2024-Q4,SKU-1051,Filters 703,Filters,Paper,Pacific Components,CNY,14895,6.2703,1.5145,-0.0526,2.3461,0.7559,10.8342,161375.41
2025-Q1,SKU-1051,Filters 703,Filters,Paper,Pacific Components,CNY,14895,6.2366,1.4935,0.0996,2.3459,0.7632,10.9388,162933.43
2025-Q2,SKU-1051,Filters 703,Filters,Paper,Pacific Components,CNY,14895,6.1467,1.5139,0.2069,2.3691,0.7677,11.0043,163909.05
2025-Q3,SKU-1051,Filters 703,Filters,Paper,Pacific Components,CNY,14895,6.3218,1.3398,0.6741,2.3653,0.8026,11.5036,171346.12
2025-Q4,SKU-1051,Filters 703,Filters,Paper,Pacific Components,CNY,14895,6.5991,1.2115,0.7541,2.3699,0.8201,11.7547,175086.26
2023-Q1,SKU-1052,Wipers 427,Wipers,Rubber,Pacific Components,CNY,6603,5.3275,2.3589,0.0,3.4441,0.0,11.1305,73494.69
2023-Q2,SKU-1052,Wipers 427,Wipers,Rubber,Pacific Components,CNY,6603,5.445,2.498,-0.277,3.4383,0.0,11.1043,73321.69
2023-Q3,SKU-1052,Wipers 427,Wipers,Rubber,Pacific Components,CNY,6603,5.6375,2.4541,-0.0821,3.4436,0.0,11.4531,75624.82
2023-Q4,SKU-1052,Wipers 427,Wipers,Rubber,Pacific Components,CNY,6603,5.9525,2.5057,0.0823,3.457,0.0,11.9975,79219.49
2024-Q1,SKU-1052,Wipers 427,Wipers,Rubber,Pacific Components,CNY,6603,5.5392,2.6521,0.0527,3.4508,0.0,11.6948,77220.76
2024-Q2,SKU-1052,Wipers 427,Wipers,Rubber,Pacific Components,CNY,6603,5.5327,2.7999,-0.1638,3.3573,0.0,11.5261,76106.84
2024-Q3,SKU-1052,Wipers 427,Wipers,Rubber,Pacific Components,CNY,6603,5.4761,3.005,-0.0434,3.4152,0.0,11.8529,78264.7
2024-Q4,SKU-1052,Wipers 427,Wipers,Rubber,Pacific Components,CNY,6603,5.3648,3.0414,-0.0532,3.3494,0.0,11.7024,77270.95
2025-Q1,SKU-1052,Wipers 427,Wipers,Rubber,Pacific Components,CNY,6603,5.3728,2.9992,0.1021,3.4256,0.0,11.8997,78573.72
2025-Q2,SKU-1052,Wipers 427,Wipers,Rubber,Pacific Components,CNY,6603,5.9514,3.0401,0.2282,3.4428,0.0,12.6625,83610.49
2025-Q3,SKU-1052,Wipers 427,Wipers,Rubber,Pacific Components,CNY,6603,5.7494,2.6905,0.7156,3.4722,0.0,12.6277,83380.7
2025-Q4,SKU-1052,Wipers 427,Wipers,Rubber,Pacific Components,CNY,6603,6.1869,2.4328,0.8138,3.4911,0.0,12.9246,85341.13
2023-Q1,SKU-1053,Wipers 598,Wipers,Rubber,Pacific Components,CNY,9039,6.8175,1.9031,0.0,2.7248,0.8584,12.3038,111214.05
2023-Q2,SKU-1053,Wipers 598,Wipers,Rubber,Pacific Components,CNY,9039,6.9678,2.0153,-0.3017,2.7087,0.8543,12.2444,110677.13
2023-Q3,SKU-1053,Wipers 598,Wipers,Rubber,Pacific Components,CNY,9039,7.2141,1.98,-0.0899,2.7404,0.8883,12.7329,115092.68
2023-Q4,SKU-1053,Wipers 598,Wipers,Rubber,Pacific Components,CNY,9039,7.6172,2.0215,0.0904,2.7209,0.9338,13.3838,120976.17
2024-Q1,SKU-1053,Wipers 598,Wipers,Rubber,Pacific Components,CNY,9039,7.0884,2.1397,0.0576,2.7247,0.9008,12.9112,116704.34
2024-Q2,SKU-1053,Wipers 598,Wipers,Rubber,Pacific Components,CNY,9039,7.08,2.259,-0.1812,2.7514,0.8932,12.8024,115720.89
2024-Q3,SKU-1053,Wipers 598,Wipers,Rubber,Pacific Components,CNY,9039,7.0076,2.4244,-0.0474,2.7079,0.9069,12.9994,117501.58
2024-Q4,SKU-1053,Wipers 598,Wipers,Rubber,Pacific Components,CNY,9039,6.8652,2.4538,-0.0587,2.7422,0.9002,12.9027,116627.51
2025-Q1,SKU-1053,Wipers 598,Wipers,Rubber,Pacific Components,CNY,9039,6.8754,2.4198,0.1115,2.7389,0.9109,13.0565,118017.7
2025-Q2,SKU-1053,Wipers 598,Wipers,Rubber,Pacific Components,CNY,9039,7.6158,2.4527,0.2508,2.7093,0.9771,14.0057,126597.52
2025-Q3,SKU-1053,Wipers 598,Wipers,Rubber,Pacific Components,CNY,9039,7.3573,2.1707,0.7848,2.7566,0.9802,14.0496,126994.33
2025-Q4,SKU-1053,Wipers 598,Wipers,Rubber,Pacific Components,CNY,9039,7.9172,1.9628,0.8978,2.7602,1.0153,14.5533,131547.28
2023-Q1,SKU-1054,Wipers 941,Wipers,Rubber,Pacific Components,CNY,12447,7.01,2.9146,0.0,3.4244,0.3337,13.6827,170308.57
2023-Q2,SKU-1054,Wipers 941,Wipers,Rubber,Pacific Components,CNY,12447,7.1646,3.0864,-0.3294,3.3986,0.333,13.6532,169941.38
2023-Q3,SKU-1054,Wipers 941,Wipers,Rubber,Pacific Components,CNY,12447,7.4178,3.0323,-0.0978,3.4014,0.3438,14.0975,175471.58
2023-Q4,SKU-1054,Wipers 941,Wipers,Rubber,Pacific Components,CNY,12447,7.8323,3.0959,0.0984,3.4225,0.3612,14.8103,184343.8
2024-Q1,SKU-1054,Wipers 941,Wipers,Rubber,Pacific Components,CNY,12447,7.2885,3.2769,0.063,3.4462,0.3519,14.4265,179566.65
2024-Q2,SKU-1054,Wipers 941,Wipers,Rubber,Pacific Components,CNY,12447,7.2799,3.4595,-0.1967,3.3948,0.3484,14.2859,177816.6
2024-Q3,SKU-1054,Wipers 941,Wipers,Rubber,Pacific Components,CNY,12447,7.2055,3.7129,-0.0519,3.4406,0.3577,14.6648,182532.77
2024-Q4,SKU-1054,Wipers 941,Wipers,Rubber,Pacific Components,CNY,12447,7.059,3.7579,-0.0638,3.3796,0.3533,14.486,180307.24
2025-Q1,SKU-1054,Wipers 941,Wipers,Rubber,Pacific Components,CNY,12447,7.0695,3.7058,0.1216,3.4153,0.3578,14.67,182597.49
2025-Q2,SKU-1054,Wipers 941,Wipers,Rubber,Pacific Components,CNY,12447,7.8309,3.7562,0.2739,3.4447,0.3826,15.6883,195272.27
2025-Q3,SKU-1054,Wipers 941,Wipers,Rubber,Pacific Components,CNY,12447,7.565,3.3243,0.8601,3.5181,0.3817,15.6492,194785.59
2025-Q4,SKU-1054,Wipers 941,Wipers,Rubber,Pacific Components,CNY,12447,8.1407,3.006,0.9705,3.4013,0.388,15.9065,197988.21
2023-Q1,SKU-1055,Wipers 104,Wipers,Rubber,Pacific Components,CNY,14496,6.7102,2.8624,0.0,4.6607,1.0675,15.3008,221800.4
2023-Q2,SKU-1055,Wipers 104,Wipers,Rubber,Pacific Components,CNY,14496,6.8582,3.0311,-0.3575,4.605,1.0603,15.1971,220297.16
2023-Q3,SKU-1055,Wipers 104,Wipers,Rubber,Pacific Components,CNY,14496,7.1007,2.9779,-0.1059,4.6253,1.0949,15.6929,227484.28
2023-Q4,SKU-1055,Wipers 104,Wipers,Rubber,Pacific Components,CNY,14496,7.4974,3.0405,0.106,4.6255,1.1452,16.4146,237946.04
2024-Q1,SKU-1055,Wipers 104,Wipers,Rubber,Pacific Components,CNY,14496,6.9769,3.2182,0.0681,4.6227,1.1164,16.0023,231969.34
2024-Q2,SKU-1055,Wipers 104,Wipers,Rubber,Pacific Components,CNY,14496,6.9686,3.3976,-0.2131,4.5949,1.1061,15.8541,229821.03
2024-Q3,SKU-1055,Wipers 104,Wipers,Rubber,Pacific Components,CNY,14496,6.8974,3.6464,-0.0564,4.6663,1.1365,16.2902,236142.74
2024-Q4,SKU-1055,Wipers 104,Wipers,Rubber,Pacific Components,CNY,14496,6.7572,3.6906,-0.0692,4.5737,1.1214,16.0737,233004.36
2025-Q1,SKU-1055,Wipers 104,Wipers,Rubber,Pacific Components,CNY,14496,6.7672,3.6394,0.1324,4.6471,1.139,16.3251,236648.65
2025-Q2,SKU-1055,Wipers 104,Wipers,Rubber,Pacific Components,CNY,14496,7.4961,3.689,0.2936,4.5904,1.2052,17.2743,250408.25
2025-Q3,SKU-1055,Wipers 104,Wipers,Rubber,Pacific Components,CNY,14496,7.2416,3.2648,0.9196,4.6085,1.2026,17.2371,249869.0
2025-Q4,SKU-1055,Wipers 104,Wipers,Rubber,Pacific Components,CNY,14496,7.7926,2.9521,1.0404,4.5809,1.2275,17.5935,255035.38
2023-Q1,SKU-1056,Spark Plugs 210,Spark Plugs,Copper,Pacific Components,CNY,2877,3.6477,0.6304,0.0,1.9426,0.0,6.2207,17896.95
2023-Q2,SKU-1056,Spark Plugs 210,Spark Plugs,Copper,Pacific Components,CNY,2877,3.8586,0.6675,-0.1817,1.9673,0.0,6.3117,18158.76
2023-Q3,SKU-1056,Spark Plugs 210,Spark Plugs,Copper,Pacific Components,CNY,2877,3.9997,0.6558,-0.0537,1.9416,0.0,6.5434,18825.36
2023-Q4,SKU-1056,Spark Plugs 210,Spark Plugs,Copper,Pacific Components,CNY,2877,4.2774,0.6696,0.0544,1.9466,0.0,6.948,19989.4
2024-Q1,SKU-1056,Spark Plugs 210,Spark Plugs,Copper,Pacific Components,CNY,2877,4.2875,0.7087,0.0365,1.9292,0.0,6.9619,20029.39
2024-Q2,SKU-1056,Spark Plugs 210,Spark Plugs,Copper,Pacific Components,CNY,2877,4.4483,0.7482,-0.1179,1.9506,0.0,7.0292,20223.01
2024-Q3,SKU-1056,Spark Plugs 210,Spark Plugs,Copper,Pacific Components,CNY,2877,4.7398,0.803,-0.0325,1.9319,0.0,7.4422,21411.21
2024-Q4,SKU-1056,Spark Plugs 210,Spark Plugs,Copper,Pacific Components,CNY,2877,4.7846,0.8127,-0.0411,1.9462,0.0,7.5024,21584.4
2025-Q1,SKU-1056,Spark Plugs 210,Spark Plugs,Copper,Pacific Components,CNY,2877,5.0497,0.8015,0.0815,1.9753,0.0,7.908,22751.32
2025-Q2,SKU-1056,Spark Plugs 210,Spark Plugs,Copper,Pacific Components,CNY,2877,4.9905,0.8124,0.1697,1.9949,0.0,7.9675,22922.5
2025-Q3,SKU-1056,Spark Plugs 210,Spark Plugs,Copper,Pacific Components,CNY,2877,5.0215,0.719,0.5468,2.0245,0.0,8.3118,23913.05
2025-Q4,SKU-1056,Spark Plugs 210,Spark Plugs,Copper,Pacific Components,CNY,2877,5.0471,0.6501,0.5891,1.9595,0.0,8.2458,23723.17
2023-Q1,SKU-1057,Spark Plugs 508,Spark Plugs,Copper,Pacific Components,CNY,8910,3.6733,1.038,0.0,2.0993,0.1703,6.9809,62199.82
2023-Q2,SKU-1057,Spark Plugs 508,Spark Plugs,Copper,Pacific Components,CNY,8910,3.8857,1.0992,-0.1861,2.0807,0.172,7.0515,62828.86
2023-Q3,SKU-1057,Spark Plugs 508,Spark Plugs,Copper,Pacific Components,CNY,8910,4.0277,1.0799,-0.0552,2.0765,0.1782,7.3071,65106.26
2023-Q4,SKU-1057,Spark Plugs 508,Spark Plugs,Copper,Pacific Components,CNY,8910,4.3074,1.1026,0.056,2.0965,0.1891,7.7516,69066.76
2024-Q1,SKU-1057,Spark Plugs 508,Spark Plugs,Copper,Pacific Components,CNY,8910,4.3176,1.1671,0.0376,2.0891,0.1903,7.8017,69513.15
2024-Q2,SKU-1057,Spark Plugs 508,Spark Plugs,Copper,Pacific Components,CNY,8910,4.4795,1.2321,-0.1211,2.0946,0.1921,7.8772,70185.85
2024-Q3,SKU-1057,Spark Plugs 508,Spark Plugs,Copper,Pacific Components,CNY,8910,4.7731,1.3223,-0.0335,2.0922,0.2039,8.358,74469.78
2024-Q4,SKU-1057,Spark Plugs 508,Spark Plugs,Copper,Pacific Components,CNY,8910,4.8182,1.3383,-0.0421,2.073,0.2047,8.3921,74773.61
2025-Q1,SKU-1057,Spark Plugs 508,Spark Plugs,Copper,Pacific Components,CNY,8910,5.0851,1.3198,0.0831,2.0775,0.2141,8.7796,78226.24
2025-Q2,SKU-1057,Spark Plugs 508,Spark Plugs,Copper,Pacific Components,CNY,8910,5.0255,1.3378,0.1736,2.1212,0.2165,8.8746,79072.69
2025-Q3,SKU-1057,Spark Plugs 508,Spark Plugs,Copper,Pacific Components,CNY,8910,5.0568,1.1839,0.5556,2.1029,0.2225,9.1217,81274.35
2025-Q4,SKU-1057,Spark Plugs 508,Spark Plugs,Copper,Pacific Components,CNY,8910,5.0826,1.0706,0.6037,2.097,0.2213,9.0752,80860.03
2023-Q1,SKU-1058,Spark Plugs 110,Spark Plugs,Copper,Pacific Components,CNY,6387,4.2464,0.7934,0.0,1.9647,0.1751,7.1796,45856.11
2023-Q2,SKU-1058,Spark Plugs 110,Spark Plugs,Copper,Pacific Components,CNY,6387,4.492,0.8402,-0.202,1.9858,0.1779,7.2939,46586.14
2023-Q3,SKU-1058,Spark Plugs 110,Spark Plugs,Copper,Pacific Components,CNY,6387,4.6561,0.8254,-0.0599,1.9775,0.185,7.5841,48439.65
2023-Q4,SKU-1058,Spark Plugs 110,Spark Plugs,Copper,Pacific Components,CNY,6387,4.9794,0.8427,0.0608,1.9686,0.1963,8.0478,51401.3
2024-Q1,SKU-1058,Spark Plugs 110,Spark Plugs,Copper,Pacific Components,CNY,6387,4.9912,0.892,0.0411,2.0058,0.1983,8.1284,51916.09
2024-Q2,SKU-1058,Spark Plugs 110,Spark Plugs,Copper,Pacific Components,CNY,6387,5.1784,0.9417,-0.1326,2.0171,0.2001,8.2047,52403.42
2024-Q3,SKU-1058,Spark Plugs 110,Spark Plugs,Copper,Pacific Components,CNY,6387,5.5178,1.0107,-0.0367,2.0036,0.2124,8.7078,55616.72
2024-Q4,SKU-1058,Spark Plugs 110,Spark Plugs,Copper,Pacific Components,CNY,6387,5.5699,1.0229,-0.0463,2.0142,0.214,8.7747,56044.01
2025-Q1,SKU-1058,Spark Plugs 110,Spark Plugs,Copper,Pacific Components,CNY,6387,5.8785,1.0087,0.0917,2.0266,0.2251,9.2306,58955.84
2025-Q2,SKU-1058,Spark Plugs 110,Spark Plugs,Copper,Pacific Components,CNY,6387,5.8096,1.0225,0.1903,2.0228,0.2261,9.2713,59215.79
2025-Q3,SKU-1058,Spark Plugs 110,Spark Plugs,Copper,Pacific Components,CNY,6387,5.8457,0.9049,0.6099,2.0135,0.2344,9.6084,61368.85
2025-Q4,SKU-1058,Spark Plugs 110,Spark Plugs,Copper,Pacific Components,CNY,6387,5.8755,0.8182,0.6634,2.0139,0.2343,9.6053,61349.05
2023-Q1,SKU-1059,Motor Oil 139,Motor Oil,Crude Oil,Pacific Components,CNY,17644,13.5364,2.4725,0.0,5.9474,1.0978,23.0541,406766.54
2023-Q2,SKU-1059,Motor Oil 139,Motor Oil,Crude Oil,Pacific Components,CNY,17644,12.9189,2.6183,-0.5853,5.8517,1.0402,21.8438,385412.01
2023-Q3,SKU-1059,Motor Oil 139,Motor Oil,Crude Oil,Pacific Components,CNY,17644,12.3479,2.5724,-0.1654,5.9581,1.0356,21.7486,383732.3
2023-Q4,SKU-1059,Motor Oil 139,Motor Oil,Crude Oil,Pacific Components,CNY,17644,13.4413,2.6264,0.1686,5.8364,1.1036,23.1763,408922.64
2024-Q1,SKU-1059,Motor Oil 139,Motor Oil,Crude Oil,Pacific Components,CNY,17644,14.7437,2.7799,0.1211,5.896,1.177,24.7177,436119.1
2024-Q2,SKU-1059,Motor Oil 139,Motor Oil,Crude Oil,Pacific Components,CNY,17644,15.9067,2.9348,-0.4045,6.0455,1.2241,25.7066,453567.25
2024-Q3,SKU-1059,Motor Oil 139,Motor Oil,Crude Oil,Pacific Components,CNY,17644,15.4312,3.1497,-0.1046,6.0077,1.2242,25.7082,453595.48
2024-Q4,SKU-1059,Motor Oil 139,Motor Oil,Crude Oil,Pacific Components,CNY,17644,16.2165,3.1879,-0.1361,6.0632,1.2666,26.5981,469296.88
2025-Q1,SKU-1059,Motor Oil 139,Motor Oil,Crude Oil,Pacific Components,CNY,17644,16.8733,3.1437,0.265,5.9735,1.3128,27.5683,486415.09
2025-Q2,SKU-1059,Motor Oil 139,Motor Oil,Crude Oil,Pacific Components,CNY,17644,17.7116,3.1866,0.5745,5.9397,1.3706,28.783,507847.25
2025-Q3,SKU-1059,Motor Oil 139,Motor Oil,Crude Oil,Pacific Components,CNY,17644,19.6321,2.8201,1.9918,6.0356,1.524,32.0036,564671.52
2025-Q4,SKU-1059,Motor Oil 139,Motor Oil,Crude Oil,Pacific Components,CNY,17644,20.6161,2.5501,2.2445,6.0774,1.5744,33.0625,583354.75
2023-Q1,SKU-1060,Motor Oil 998,Motor Oil,Crude Oil,Pacific Components,CNY,3162,11.9786,5.3137,0.0,8.3048,1.2799,26.877,84985.07
2023-Q2,SKU-1060,Motor Oil 998,Motor Oil,Crude Oil,Pacific Components,CNY,3162,11.4322,5.627,-0.6182,8.3923,1.2417,26.075,82449.15
2023-Q3,SKU-1060,Motor Oil 998,Motor Oil,Crude Oil,Pacific Components,CNY,3162,10.9269,5.5282,-0.1734,8.2682,1.2275,25.7774,81508.14
2023-Q4,SKU-1060,Motor Oil 998,Motor Oil,Crude Oil,Pacific Components,CNY,3162,11.8945,5.6443,0.1769,8.3274,1.3022,27.3453,86465.84
2024-Q1,SKU-1060,Motor Oil 998,Motor Oil,Crude Oil,Pacific Components,CNY,3162,13.047,5.9743,0.125,8.2532,1.37,28.7695,90969.16
2024-Q2,SKU-1060,Motor Oil 998,Motor Oil,Crude Oil,Pacific Components,CNY,3162,14.0762,6.3072,-0.4143,8.4082,1.4189,29.7962,94215.58
2024-Q3,SKU-1060,Motor Oil 998,Motor Oil,Crude Oil,Pacific Components,CNY,3162,13.6554,6.7691,-0.1074,8.3565,1.4337,30.1073,95199.28
2024-Q4,SKU-1060,Motor Oil 998,Motor Oil,Crude Oil,Pacific Components,CNY,3162,14.3504,6.8511,-0.1385,8.3181,1.4691,30.8502,97548.33
2025-Q1,SKU-1060,Motor Oil 998,Motor Oil,Crude Oil,Pacific Components,CNY,3162,14.9316,6.7562,0.2704,8.3809,1.517,31.8561,100728.99
2025-Q2,SKU-1060,Motor Oil 998,Motor Oil,Crude Oil,Pacific Components,CNY,3162,15.6734,6.8482,0.585,8.4109,1.5759,33.0934,104641.33
2025-Q3,SKU-1060,Motor Oil 998,Motor Oil,Crude Oil,Pacific Components,CNY,3162,17.3729,6.0607,2.0048,8.4626,1.6951,35.5961,112554.87
2025-Q4,SKU-1060,Motor Oil 998,Motor Oil,Crude Oil,Pacific Components,CNY,3162,18.2437,5.4803,2.2623,8.6622,1.7324,36.3809,115036.41
2023-Q1,SKU-1061,Motor Oil 876,Motor Oil,Crude Oil,Pacific Components,CNY,1065,10.2957,4.1564,0.0,7.0529,1.6129,23.1179,24620.56
2023-Q2,SKU-1061,Motor Oil 876,Motor Oil,Crude Oil,Pacific Components,CNY,1065,9.8261,4.4014,-0.526,7.0426,1.5558,22.2999,23749.39
2023-Q3,SKU-1061,Motor Oil 876,Motor Oil,Crude Oil,Pacific Components,CNY,1065,9.3917,4.3242,-0.1473,6.9118,1.536,22.0164,23447.47
2023-Q4,SKU-1061,Motor Oil 876,Motor Oil,Crude Oil,Pacific Components,CNY,1065,10.2234,4.415,0.1506,6.9967,1.6339,23.4196,24941.87
2024-Q1,SKU-1061,Motor Oil 876,Motor Oil,Crude Oil,Pacific Components,CNY,1065,11.214,4.6731,0.1073,7.0728,1.73,24.7972,26409.02
2024-Q2,SKU-1061,Motor Oil 876,Motor Oil,Crude Oil,Pacific Components,CNY,1065,12.0986,4.9335,-0.3533,7.0733,1.7814,25.5335,27193.18
2024-Q3,SKU-1061,Motor Oil 876,Motor Oil,Crude Oil,Pacific Components,CNY,1065,11.7369,5.2947,-0.0924,7.2068,1.811,25.957,27644.2
2024-Q4,SKU-1061,Motor Oil 876,Motor Oil,Crude Oil,Pacific Components,CNY,1065,12.3342,5.3589,-0.1188,7.1181,1.8519,26.5443,28269.68
2025-Q1,SKU-1061,Motor Oil 876,Motor Oil,Crude Oil,Pacific Components,CNY,1065,12.8338,5.2846,0.2328,7.2378,1.9192,27.5082,29296.23
2025-Q2,SKU-1061,Motor Oil 876,Motor Oil,Crude Oil,Pacific Components,CNY,1065,13.4714,5.3566,0.5015,7.1731,1.9877,28.4903,30342.17
2025-Q3,SKU-1061,Motor Oil 876,Motor Oil,Crude Oil,Pacific Components,CNY,1065,14.9321,4.7407,1.7191,7.2215,2.146,30.7594,32758.76
2025-Q4,SKU-1061,Motor Oil 876,Motor Oil,Crude Oil,Pacific Components,CNY,1065,15.6805,4.2867,1.9271,7.2382,2.1849,31.3174,33353.03
2023-Q1,SKU-1062,Motor Oil 278,Motor Oil,Crude Oil,Pacific Components,CNY,6133,12.776,2.8124,0.0,12.3541,1.3971,29.3396,179939.77
2023-Q2,SKU-1062,Motor Oil 278,Motor Oil,Crude Oil,Pacific Components,CNY,6133,12.1933,2.9782,-0.7721,12.566,1.3483,28.3137,173647.92
2023-Q3,SKU-1062,Motor Oil 278,Motor Oil,Crude Oil,Pacific Components,CNY,6133,11.6543,2.926,-0.2143,12.0671,1.3217,27.7548,170220.19
2023-Q4,SKU-1062,Motor Oil 278,Motor Oil,Crude Oil,Pacific Components,CNY,6133,12.6863,2.9874,0.2168,12.1064,1.3998,29.3967,180289.96
2024-Q1,SKU-1062,Motor Oil 278,Motor Oil,Crude Oil,Pacific Components,CNY,6133,13.9155,3.162,0.1541,12.3416,1.4787,31.0519,190441.3
2024-Q2,SKU-1062,Motor Oil 278,Motor Oil,Crude Oil,Pacific Components,CNY,6133,15.0133,3.3382,-0.5063,12.4636,1.5154,31.8242,195177.82
2024-Q3,SKU-1062,Motor Oil 278,Motor Oil,Crude Oil,Pacific Components,CNY,6133,14.5644,3.5827,-0.1321,12.5254,1.527,32.0674,196669.36
2024-Q4,SKU-1062,Motor Oil 278,Motor Oil,Crude Oil,Pacific Components,CNY,6133,15.3057,3.6261,-0.1701,12.5344,1.5648,32.8609,201535.9
2025-Q1,SKU-1062,Motor Oil 278,Motor Oil,Crude Oil,Pacific Components,CNY,6133,15.9256,3.5759,0.3292,12.4585,1.6145,33.9037,207931.39
2025-Q2,SKU-1062,Motor Oil 278,Motor Oil,Crude Oil,Pacific Components,CNY,6133,16.7168,3.6246,0.7139,12.6701,1.6863,35.4117,217179.96
2025-Q3,SKU-1062,Motor Oil 278,Motor Oil,Crude Oil,Pacific Components,CNY,6133,18.5294,3.2078,2.428,12.7591,1.8462,38.7705,237779.48
2025-Q4,SKU-1062,Motor Oil 278,Motor Oil,Crude Oil,Pacific Components,CNY,6133,19.4581,2.9006,2.7039,12.6995,1.8881,39.6502,243174.68
